PoS tag,match word,display word,word length,entity name
NNP,삼성전자,삼성전자,4,
NNP,삼송전자,삼성전자,4,
NNP,삼 송전자,삼성전자,4,
NNP,별삼전자,삼성전자,4,
NNP,1to1,1to1,4,
NNP,21세기환경식품위생신문사,21세기환경식품위생신문사,13,
NNP,가구저널,가구저널,4,
NNP,가슴네트워크,가슴네트워크,6,
NNP,가야시민일보,가야시민일보,6,
NNP,가평타임즈,가평타임즈,5,
NNP,강릉인터넷뉴스,강릉인터넷뉴스,7,
NNP,강원뉴스,강원뉴스,4,
NNP,거제인터넷뉴스,거제인터넷뉴스,7,
NNP,겨레일보,겨레일보,4,
NNP,경기뉴스,경기뉴스,4,
NNP,경기북부인터넷뉴스,경기북부인터넷뉴스,9,
NNP,경기인터넷신문,경기인터넷신문,7,
NNP,경기일일뉴스,경기일일뉴스,6,
NNP,경기조은뉴스,경기조은뉴스,6,
NNP,경남뉴스연합,경남뉴스연합,6,
NNP,경남뉴스위클리,경남뉴스위클리,7,
NNP,경남시사신문,경남시사신문,6,
NNP,경남시사일보,경남시사일보,6,
NNP,경남우리신문,경남우리신문,6,
NNP,경마문화신문,경마문화신문,6,
NNP,경북구미신문,경북구미신문,6,
NNP,경북동부신문,경북동부신문,6,
NNP,경북신문,경북신문,4,
NNP,경북조은뉴스,경북조은뉴스,6,
NNP,경북중부신문,경북중부신문,6,
NNP,경인기독신문,경인기독신문,6,
NNP,경인뉴스,경인뉴스,4,
NNP,경인ip방송,경인ip방송,6,
NNP,경주인터넷뉴스,경주인터넷뉴스,7,
NNP,경주타임즈,경주타임즈,5,
NNP,경춘인터넷뉴스섹션,경춘인터넷뉴스섹션,9,
NNP,고흥보성인터넷뉴스,고흥보성인터넷뉴스,9,
NNP,고흥타임즈,고흥타임즈,5,
NNP,과학기술부뉴스,과학기술부뉴스,7,
NNP,과학소년,과학소년,4,
NNP,과학신문,과학신문,4,
NNP,광명우리뉴스,광명우리뉴스,6,
NNP,광명일보,광명일보,4,
NNP,광명지역신문,광명지역신문,6,
NNP,광양경제신문,광양경제신문,6,
NNP,광양만신문,광양만신문,5,
NNP,광양인터넷뉴스,광양인터넷뉴스,7,
NNP,광역뉴스,광역뉴스,4,
NNP,광주타임즈,광주타임즈,5,
NNP,광진인터넷뉴스,광진인터넷뉴스,7,
NNP,교차로뉴스,교차로뉴스,5,
NNP,교통신문_투어인,교통신문_투어인,8,
NNP,교회연합신문,교회연합신문,6,
NNP,구례신문,구례신문,4,
NNP,국제신문,국제신문,4,
NNP,군산뉴스,군산뉴스,4,
NNP,군포인뉴스,군포인뉴스,5,
NNP,글로벌오토뉴스,글로벌오토뉴스,7,
NNP,금산뉴스,금산뉴스,4,
NNP,기독교타임즈,기독교타임즈,6,
NNP,길림신문,길림신문,4,
NNP,김천신문,김천신문,4,
NNP,김천인터넷뉴스,김천인터넷뉴스,7,
NNP,김해신문,김해신문,4,
NNP,김해인터넷신문,김해인터넷신문,7,
NNP,나이스제천뉴스,나이스제천뉴스,7,
NNP,나주신문,나주신문,4,
NNP,나주타임스,나주타임스,5,
NNP,나주화순인터넷뉴스,나주화순인터넷뉴스,9,
NNP,남도신문,남도신문,4,
NNP,남도tv,남도tv,4,
NNP,남양주인뉴스,남양주인뉴스,6,
NNP,남원투데이,남원투데이,5,
NNP,내일i사진넷,내일i사진넷,6,
NNP,노동넷,노동넷,3,
NNP,노동의소리,노동의소리,5,
NNP,노동자의_힘,노동자의_힘,6,
NNP,뉴스25,뉴스25,4,
NNP,뉴스광주,뉴스광주,4,
NNP,뉴스보이,뉴스보이,4,
NNP,뉴스비전e,뉴스비전e,5,
NNP,뉴스비트,뉴스비트,4,
NNP,뉴스앤조이,뉴스앤조이,5,
NNP,뉴스인,뉴스인,3,
NNP,뉴스인사이드,뉴스인사이드,6,
NNP,뉴스저널,뉴스저널,4,
NNP,뉴스캔,뉴스캔,3,
NNP,뉴스코리아_부천,뉴스코리아_부천,8,
NNP,뉴스타운,뉴스타운,4,
NNP,뉴스타임즈,뉴스타임즈,5,
NNP,뉴스파인드,뉴스파인드,5,
NNP,담양곡성타임스,담양곡성타임스,7,
NNP,담양군민신문,담양군민신문,6,
NNP,담양주간신문,담양주간신문,6,
NNP,당진신문,당진신문,4,
NNP,대구경제신문,대구경제신문,6,
NNP,대구동네방네,대구동네방네,6,
NNP,대한검찰,대한검찰,4,
NNP,데일리안_광주/전라,데일리안_광주/전라,10,
NNP,데일리안_대구/경북,데일리안_대구/경북,10,
NNP,도시신문,도시신문,4,
NNP,동국일보,동국일보,4,
NNP,동남일보,동남일보,4,
NNP,동두천신문,동두천신문,5,
NNP,동부과학기술신문,동부과학기술신문,8,
NNP,동부권신문,동부권신문,5,
NNP,동아블로그,동아블로그,5,
NNP,디시뉴스,디시뉴스,4,
NNP,디지털경영인신문,디지털경영인신문,8,
NNP,디지털보훈신문,디지털보훈신문,7,
NNP,라디오코리아,라디오코리아,6,
NNP,리뷰조선,리뷰조선,4,
NNP,매일경제_금융센터,매일경제_금융센터,9,
NNP,매일경제_부동산센터,매일경제_부동산센터,10,
NNP,매일경제_증권센터,매일경제_증권센터,9,
NNP,매일경제_지식센터,매일경제_지식센터,9,
NNP,매일경제_창업센터,매일경제_창업센터,9,
NNP,목포투데이,목포투데이,5,
NNP,무안신안인터넷뉴스,무안신안인터넷뉴스,9,
NNP,미주가톨릭방송,미주가톨릭방송,7,
NNP,미주교육신문,미주교육신문,6,
NNP,미주기독교방송,미주기독교방송,7,
NNP,미주복음방송,미주복음방송,6,
NNP,미추홀뉴스,미추홀뉴스,5,
NNP,밀양시민신문,밀양시민신문,6,
NNP,보부뉴스,보부뉴스,4,
NNP,부산여성신문,부산여성신문,6,
NNP,부천투데이,부천투데이,5,
NNP,북소리,북소리,3,
NNP,분수네신문,분수네신문,5,
NNP,뷰티누리,뷰티누리,4,
NNP,브레이크뉴스-울산경남,브레이크뉴스-울산경남,11,
NNP,브리핑뉴스,브리핑뉴스,5,
NNP,사회복지환경뉴스,사회복지환경뉴스,8,
NNP,산림환경뉴스,산림환경뉴스,6,
NNP,산업일보,산업일보,4,
NNP,산업환경신문,산업환경신문,6,
NNP,상주인터넷뉴스,상주인터넷뉴스,7,
NNP,상하이저널,상하이저널,5,
NNP,새만금일보,새만금일보,5,
NNP,새안산뉴스,새안산뉴스,5,
NNP,서부산신문,서부산신문,5,
NNP,서산타임즈,서산타임즈,5,
NNP,서울메트로,서울메트로,5,
NNP,서울문화투데이,서울문화투데이,7,
NNP,선박뉴스,선박뉴스,4,
NNP,성남도시신문,성남도시신문,6,
NNP,성주인터넷뉴스,성주인터넷뉴스,7,
NNP,세계닷컴뉴스팀블로그,세계닷컴뉴스팀블로그,10,
NNP,셀룰러온라인,셀룰러온라인,6,
NNP,소리샵,소리샵,3,
NNP,수산신문,수산신문,4,
NNP,수원시민신문,수원시민신문,6,
NNP,수원인터넷신문,수원인터넷신문,7,
NNP,순천신문,순천신문,4,
NNP,스틸데일리,스틸데일리,5,
NNP,스팟뉴스,스팟뉴스,4,
NNP,스팟뉴스,스팟뉴스,4,
NNP,스포팅21,스포팅21,5,
NNP,시민뉴스,시민뉴스,4,
NNP,시민시대,시민시대,4,
NNP,시민신문,시민신문,4,
NNP,시민연합뉴스,시민연합뉴스,6,
NNP,시민의신문,시민의신문,5,
NNP,시사뉴스타임스,시사뉴스타임스,7,
NNP,시사랑,시사랑,3,
NNP,시사메디,시사메디,4,
NNP,시사모,시사모,3,
NNP,시사울산,시사울산,4,
NNP,시사종합신문뉴스21,시사종합신문뉴스21,10,
NNP,시사타임,시사타임,4,
NNP,시사파일,시사파일,4,
NNP,시사IN,시사IN,4,
NNP,시시비비뉴스,시시비비뉴스,6,
NNP,식약청뉴스,식약청뉴스,5,
NNP,식품경제신문,식품경제신문,6,
NNP,식품일보,식품일보,4,
NNP,아산시사신문,아산시사신문,6,
NNP,아산톱뉴스,아산톱뉴스,5,
NNP,아시아위클리뉴스,아시아위클리뉴스,8,
NNP,아우어뉴스,아우어뉴스,5,
NNP,아이크로스_교차로,아이크로스_교차로,9,
NNP,안동신문,안동신문,4,
NNP,야후미디어,야후미디어,5,
NNP,엔씨엔뉴스,엔씨엔뉴스,5,
NNP,엔에스아이뉴스,엔에스아이뉴스,7,
NNP,여수신문,여수신문,4,
NNP,여수인터넷뉴스,여수인터넷뉴스,7,
NNP,여약사신문,여약사신문,5,
NNP,연기in뉴스,연기in뉴스,6,
NNP,연변인터넷방송,연변인터넷방송,7,
NNP,연변일보,연변일보,4,
NNP,연변TV방송국,연변TV방송국,7,
NNP,연합뉴스TV,연합뉴스TV,6,
NNP,연해뉴스,연해뉴스,4,
NNP,영남인터넷방송,영남인터넷방송,7,
NNP,영덕울진인터넷뉴스,영덕울진인터넷뉴스,9,
NNP,영암군민신문,영암군민신문,6,
NNP,예천인터넷뉴스,예천인터넷뉴스,7,
NNP,최재천의시사큐비즘,최재천의시사큐비즘,9,
NNP,오션21,오션21,4,
NNP,온라인인물뉴스,온라인인물뉴스,7,
NNP,온미디어,온미디어,4,
NNP,온주신문,온주신문,4,
NNP,와이뉴스,와이뉴스,4,
NNP,용인시청뉴스,용인시청뉴스,6,
NNP,용인일보,용인일보,4,
NNP,울산노동뉴스,울산노동뉴스,6,
NNP,월간중앙,월간중앙,4,
NNP,월간컨트롤,월간컨트롤,5,
NNP,월요신문,월요신문,4,
NNP,웰빙신문,웰빙신문,4,
NNP,윈글리쉬닷컴,윈글리쉬닷컴,6,
NNP,의성인터넷신문,의성인터넷신문,7,
NNP,이머니뉴스,이머니뉴스,5,
NNP,이브닝,이브닝,3,
NNP,이상호기자의고발뉴스,이상호기자의고발뉴스,10,
NNP,이슈투데이,이슈투데이,5,
NNP,이천설봉신문,이천설봉신문,6,
NNP,익산시민뉴스,익산시민뉴스,6,
NNP,익산신문,익산신문,4,
NNP,인제뉴스,인제뉴스,4,
NNP,인터넷장애인신문,인터넷장애인신문,8,
NNP,인터넷하동신문,인터넷하동신문,7,
NNP,일간스포츠,일간스포츠,5,
NNP,임실신문,임실신문,4,
NNP,자유북한방송,자유북한방송,6,
NNP,장흥신문,장흥신문,4,
NNP,전교학신문,전교학신문,5,
NNP,전남도민신문,전남도민신문,6,
NNP,전남매일,전남매일,4,
NNP,전북방송,전북방송,4,
NNP,전북연합신문,전북연합신문,6,
NNP,주간경향,주간경향,4,
NNP,주간설악신문,주간설악신문,6,
NNP,중랑뉴스,중랑뉴스,4,
NNP,중부신문,중부신문,4,
NNP,중소기업뉴스,중소기업뉴스,6,
NNP,중앙경제,중앙경제,4,
NNP,중앙일보_벤쿠버,중앙일보_벤쿠버,8,
NNP,중앙폴리스뉴스,중앙폴리스뉴스,7,
NNP,중앙SUNDAY,중앙SUNDAY,8,
NNP,직업훈련뉴스,직업훈련뉴스,6,
NNP,진도신문,진도신문,4,
NNP,진도타임스,진도타임스,5,
NNP,진보저널,진보저널,4,
NNP,진천자치신문,진천자치신문,6,
NNP,창녕신문,창녕신문,4,
NNP,창원인터넷신문,창원인터넷신문,7,
NNP,청도뉴스,청도뉴스,4,
NNP,청소년뉴스,청소년뉴스,5,
NNP,충주신문,충주신문,4,
NNP,칠곡인터넷뉴스,칠곡인터넷뉴스,7,
NNP,코리아투데이,코리아투데이,6,
NNP,코리아e뉴스,코리아e뉴스,6,
NNP,큐뉴스,큐뉴스,3,
NNP,태백정선인터넷뉴스,태백정선인터넷뉴스,9,
NNP,테터툴즈_소비자방송을보다,테터툴즈_소비자방송을보다,13,
NNP,토요경제,토요경제,4,
NNP,통일TV,통일TV,4,
NNP,투데이에너지,투데이에너지,6,
NNP,투데이포커스,투데이포커스,6,
NNP,투데이e뉴스,투데이e뉴스,6,
NNP,특허뉴스,특허뉴스,4,
NNP,파이낸셜코리아,파이낸셜코리아,7,
NNP,파주방송,파주방송,4,
NNP,파코즈,파코즈,3,
NNP,평안신문,평안신문,4,
NNP,포브스코리아,포브스코리아,6,
NNP,포커스마라톤,포커스마라톤,6,
NNP,포토뉴스,포토뉴스,4,
NNP,프랜차이즈경제신문,프랜차이즈경제신문,9,
NNP,플레이포럼,플레이포럼,5,
NNP,피플코리아,피플코리아,5,
NNP,하이파이클럽,하이파이클럽,6,
NNP,한겨레_겔로그,한겨레_겔로그,7,
NNP,한겨레_필통,한겨레_필통,6,
NNP,한겨레교육과미래,한겨레교육과미래,8,
NNP,한국경제_부동산,한국경제_부동산,8,
NNP,한국경제_자동차,한국경제_자동차,8,
NNP,한국기자연대,한국기자연대,6,
NNP,한국바스프,한국바스프,5,
NNP,한국유통신문,한국유통신문,6,
NNP,한국정보통신,한국정보통신,6,
NNP,한국철강신문,한국철강신문,6,
NNP,한국케이블TV나라방송,한국케이블TV나라방송,11,
NNP,한국푸른쉼터신문,한국푸른쉼터신문,8,
NNP,한국해운신문,한국해운신문,6,
NNP,한남일보,한남일보,4,
NNP,한인일보,한인일보,4,
NNP,한톨식품안전신문,한톨식품안전신문,8,
NNP,항도신문,항도신문,4,
NNP,해남방송,해남방송,4,
NNP,해남신문,해남신문,4,
NNP,해진신문,해진신문,4,
NNP,헬스조선,헬스조선,4,
NNP,호남뉴스라인,호남뉴스라인,6,
NNP,호남도민일보,호남도민일보,6,
NNP,호주기독교인터넷방송,호주기독교인터넷방송,10,
NNP,호주뉴스,호주뉴스,4,
NNP,호주일보,호주일보,4,
NNP,홍천인터넷뉴스,홍천인터넷뉴스,7,
NNP,화순미래뉴스,화순미래뉴스,6,
NNP,화순의소리,화순의소리,5,
NNP,화학공업일보,화학공업일보,6,
NNP,환경TV,환경TV,4,
NNP,희망방송,희망방송,4,
NNP,Advertising,Advertising,11,
NNP,AK1525,AK1525,6,
NNP,CHOL클럽,CHOL클럽,6,
NNP,CJ헬로비전,CJ헬로비전,6,
NNP,CMB,CMB,3,
NNP,cnews041,cnews041,8,
NNP,CTRADEWORLD,CTRADEWORLD,11,
NNP,designflux,designflux,10,
NNP,DSLR카페,DSLR카페,6,
NNP,dvdrwinfo,dvdrwinfo,9,
NNP,ETNews,ETNews,6,
NNP,FindAll,FindAll,7,
NNP,globalstandard,globalstandard,14,
NNP,gnn365,gnn365,6,
NNP,gnn365_서대문뉴스,gnn365_서대문뉴스,12,
NNP,haninTV,haninTV,7,
NNP,HCN_현대커뮤니케이션네트워크,HCN_현대커뮤니케이션네트워크,16,
NNP,i검찰뉴스,i검찰뉴스,5,
NNP,INZTimes,INZTimes,8,
NNP,JEI재능방송,JEI재능방송,7,
NNP,kbc-news,kbc-news,8,
NNP,KBCNZ한인방송,KBCNZ한인방송,9,
NNP,KBS_World,KBS_World,9,
NNP,KBSI,KBSI,4,
NNP,leaders,leaders,7,
NNP,M&A타임즈,M&A타임즈,6,
NNP,MSN뉴스,MSN뉴스,5,
NNP,Newsweek한국판,Newsweek한국판,11,
NNP,Nsm5동호회,Nsm5동호회,7,
NNP,NZEND_거상2,NZEND_거상2,9,
NNP,NZEND_건틀렛온라인,NZEND_건틀렛온라인,12,
NNP,NZEND_라그나로크2,NZEND_라그나로크2,12,
NNP,NZEND_파천일검2,NZEND_파천일검2,11,
NNP,NZEND_풍류공작소,NZEND_풍류공작소,11,
NNP,OnMovieStyle,OnMovieStyle,12,
NNP,PCB포항방송,PCB포항방송,7,
NNP,Pixon,Pixon,5,
NNP,pnpnews,pnpnews,7,
NNP,progressive21,progressive21,13,
NNP,SBN대한방송,SBN대한방송,7,
NNP,TheNewKoreaHerald,TheNewKoreaHerald,17,
NNP,views&news,views&news,10,
NNP,VOAnews_kr,VOAnews_kr,10,
NNP,WaveTV,WaveTV,6,
NNP,zdnet_kr,zdnet_kr,8,
NNP,매일경제증권센터,매일경제증권센터,8,
NNP,조선경제비즈,조선경제비즈,6,
NNP,미디어인뉴스,미디어인뉴스,6,
NNP,DIP통신,DIP통신,5,
NNP,전파신문,전파신문,4,
NNP,스터프코리아,스터프코리아,6,
NNP,CIOBIZ,CIOBIZ,6,
NNP,ftoday,ftoday,6,
NNP,아이러브PC방,아이러브PC방,7,
NNP,한경Business,한경Business,10,
NNP,에너지경제,에너지경제,5,
NNP,유통데일리,유통데일리,5,
NNP,건설기계신문,건설기계신문,6,
NNP,경찰정보신문,경찰정보신문,6,
NNP,한국방송뉴스,한국방송뉴스,6,
NNP,CBS제주,CBS제주,5,
NNP,자동차신문,자동차신문,5,
NNP,한국안경신문,한국안경신문,6,
NNP,나우뉴스,나우뉴스,4,
NNP,대구시민일보,대구시민일보,6,
NNP,연합타임즈,연합타임즈,5,
NNP,한국ngo,한국ngo,5,
NNP,huffingtonpost,huffingtonpost,14,
NNP,it-times,it-times,8,
NNP,건설타임즈,건설타임즈,5,
NNP,민주일보,민주일보,4,
NNP,여행정보신문,여행정보신문,6,
NNP,한국법률일보,한국법률일보,6,
NNP,부여뉴스,부여뉴스,4,
NNP,부천오늘신문,부천오늘신문,6,
NNP,수원영통뉴스,수원영통뉴스,6,
NNP,양구뉴스,양구뉴스,4,
NNP,데일리노컷뉴스,데일리노컷뉴스,7,
NNP,뉴스웨이호남취재본부,뉴스웨이호남취재본부,10,
NNP,EBN산업뉴스,EBN산업뉴스,7,
NNP,SBS mtv,SBS mtv,7,
NNP,경상매일신문,경상매일신문,6,
NNP,교차로신문,교차로신문,5,
NNP,뉴스토마토,뉴스토마토,5,
NNP,동서방송,동서방송,4,
NNP,동아닷컴,동아닷컴,4,
NNP,소비자고발신문,소비자고발신문,7,
NNP,아이뉴스24,아이뉴스24,6,
NNP,아이비타임즈,아이비타임즈,6,
NNP,안전신문,안전신문,4,
NNP,야후금융한국,야후금융한국,6,
NNP,월드경제신문,월드경제신문,6,
NNP,웨프뉴스,웨프뉴스,4,
NNP,재경TV,재경TV,4,
NNP,전자신문 비즈니스,전자신문 비즈니스,9,
NNP,전자신문 자동차,전자신문 자동차,8,
NNP,강남서초내일신문,강남서초내일신문,8,
NNP,joins msn 라이프,joins msn 라이프,13,
NNP,The Wall Street Journal,The Wall Street Journal,23,
NNP,Gvalley,Gvalley,7,
NNP,38커뮤니케이션,38커뮤니케이션,8,
NNP,아이마소뉴스,아이마소뉴스,6,
NNP,joins msn 이슈링,joins msn 이슈링,13,
NNP,경총츨라자,경총츨라자,5,
NNP,icross뉴스,icross뉴스,8,
NNP,중앙일보,중앙일보,4,
NNP,동아 econogy,동아 econogy,10,
NNP,인베스트조선,인베스트조선,6,
NNP,마켓인사이드,마켓인사이드,6,
NNP,레이더M,레이더M,4,
NNP,the bell,the bell,8,
NNP,KBS NEWS,KBS NEWS,8,
NNP,네이버뉴스,네이버뉴스,5,
NNP,IT WORLD,IT WORLD,8,
NNP,이슈와뉴스,이슈와뉴스,5,
NNP,월간금융계,월간금융계,5,
NNP,Newsen.com,Newsen.com,10,
NNP,강원평창2018,강원평창2018,8,
NNP,매일경제 MBN,매일경제 MBN,8,
NNP,한국경제,한국경제,4,
NNP,JOINSMSN,JOINSMSN,8,
NNP,로피씨엘옴므,로피씨엘옴므,6,
NNP,LGCNS더모아진,LGCNS더모아진,9,
NNP,서울신문,서울신문,4,
NNP,중앙일보,중앙일보,4,
NNP,한경매거진,한경매거진,5,
NNP,아이타임즈,아이타임즈,5,
NNP,쿠키뉴스,쿠키뉴스,4,
NNP,SBS뉴스,SBS뉴스,5,
NNP,연합뉴스,연합뉴스,4,
NNP,헤럴드경제,헤럴드경제,5,
NNP,아주경제,아주경제,4,
NNP,그린데일리,그린데일리,5,
NNP,gwdbs.org,gwdbs.org,9,
NNP,032라이프,032라이프,6,
NNP,10아시아,10아시아,5,
NNP,1318교육신문,1318교육신문,8,
NNP,이천뉴스,이천뉴스,4,
NNP,사천넷,사천넷,3,
NNP,사천신문,사천신문,4,
NNP,흑룡강코리언,흑룡강코리언,6,
NNP,구민신문,구민신문,4,
NNP,ABN아름방송,ABN아름방송,7,
NNP,아카넷TV,아카넷TV,5,
NNP,아크로팬,아크로팬,4,
NNP,adelaidefocus,adelaidefocus,13,
NNP,안동인터넷뉴스,안동인터넷뉴스,7,
NNP,admiredcompany,admiredcompany,14,
NNP,선진한국,선진한국,4,
NNP,농수축산신문,농수축산신문,6,
NNP,AFNkorea,AFNkorea,8,
NNP,한국농어민신문,한국농어민신문,7,
NNP,안산저널,안산저널,4,
NNP,아주경제,아주경제,4,
NNP,아산저널,아산저널,4,
NNP,얼루어코리아,얼루어코리아,6,
NNP,AlphaGalileo,AlphaGalileo,12,
NNP,AM7,AM7,3,
NNP,교회와신앙,교회와신앙,5,
NNP,KBS안동,KBS안동,5,
NNP,안동넷,안동넷,3,
NNP,안동MBC,안동MBC,5,
NNP,원주교차로,원주교차로,5,
NNP,아시아뉴스통신,아시아뉴스통신,7,
NNP,애니원,애니원,3,
NNP,연세애널스,연세애널스,5,
NNP,안산시민신문,안산시민신문,6,
NNP,우리안산넷,우리안산넷,5,
NNP,안산타임스,안산타임스,5,
NNP,뉴스앤포커스,뉴스앤포커스,6,
NNP,안산정론신문,안산정론신문,6,
NNP,자치안성신문,자치안성신문,6,
NNP,안양광역신문,안양광역신문,6,
NNP,월간사과나무,월간사과나무,6,
NNP,어패럴뉴스,어패럴뉴스,5,
NNP,APT2you,APT2you,7,
NNP,아파트관리신문,아파트관리신문,7,
NNP,아리랑TV,아리랑TV,5,
NNP,아츠뉴스,아츠뉴스,4,
NNP,아산뉴스,아산뉴스,4,
NNP,아산투데이,아산투데이,5,
NNP,아시아경제,아시아경제,5,
NNP,아시아일보,아시아일보,5,
NNP,아시아포스트,아시아포스트,6,
NNP,아시아투데이,아시아투데이,6,
NNP,안산인터넷뉴스,안산인터넷뉴스,7,
NNP,국회신문,국회신문,4,
NNP,안성신문,안성신문,4,
NNP,행정뉴스,행정뉴스,4,
NNP,애틀랜타조선일보,애틀랜타조선일보,8,
NNP,joinsmsn자동차,joinsmsn자동차,11,
NNP,Automobilemag,Automobilemag,13,
NNP,오토레이싱,오토레이싱,5,
NNP,오토스파이,오토스파이,5,
NNP,오토타임즈,오토타임즈,5,
NNP,안양시민신문,안양시민신문,6,
NNP,안양뉴스,안양뉴스,4,
NNP,EBN바다뉴스,EBN바다뉴스,7,
NNP,최남단방어축제,최남단방어축제,7,
NNP,반월신문,반월신문,4,
NNP,바로코리아,바로코리아,5,
NNP,MONETA,MONETA,6,
NNP,BBS불교방송,BBS불교방송,7,
NNP,부산불교방송,부산불교방송,6,
NNP,부천타운,부천타운,4,
NNP,부천데일리뉴스,부천데일리뉴스,7,
NNP,부천매일,부천매일,4,
NNP,부천미래신문,부천미래신문,6,
NNP,법보신문,법보신문,4,
NNP,서울건축환경,서울건축환경,6,
NNP,베를린리포트,베를린리포트,6,
NNP,베스트일레븐,베스트일레븐,6,
NNP,베타뉴스,베타뉴스,4,
NNP,바이블파워,바이블파워,5,
NNP,충북인의웹진빅뱅,충북인의웹진빅뱅,8,
NNP,빅뉴스,빅뉴스,3,
NNP,비즈앤이슈,비즈앤이슈,5,
NNP,Bio,Bio,3,
NNP,비즈데일리,비즈데일리,5,
NNP,기업앤미디어,기업앤미디어,6,
NNP,비즈플레이스,비즈플레이스,6,
NNP,부천자치신문,부천자치신문,6,
NNP,바른지역언론연대,바른지역언론연대,8,
NNP,북경기신문,북경기신문,5,
NNP,조선일보블로그,조선일보블로그,7,
NNP,한겨레블로그,한겨레블로그,6,
NNP,한국일보블로그,한국일보블로그,7,
NNP,중앙일보블로그,중앙일보블로그,7,
NNP,연합뉴스블로그,연합뉴스블로그,7,
NNP,블로터닷넷,블로터닷넷,5,
NNP,보안뉴스,보안뉴스,4,
NNP,보은e뉴스,보은e뉴스,5,
NNP,보은신문,보은신문,4,
NNP,복지타임즈,복지타임즈,5,
NNP,보건신문,보건신문,4,
NNP,일간보사,일간보사,4,
NNP,보스톤코리아,보스톤코리아,6,
NNP,부평신문,부평신문,4,
NNP,브레인미디어,브레인미디어,6,
NNP,BreakNews,BreakNews,9,
NNP,보령인터넷뉴스,보령인터넷뉴스,7,
NNP,시사보령,시사보령,4,
NNP,부산노컷,부산노컷,4,
NNP,부산경제신문,부산경제신문,6,
NNP,부산프리즘,부산프리즘,5,
NNP,불교TV,불교TV,4,
NNP,디지털부안신문,디지털부안신문,7,
NNP,부안21,부안21,4,
NNP,부천시민신문,부천시민신문,6,
NNP,부천신문,부천신문,4,
NNP,부천타임즈,부천타임즈,5,
NNP,밝은세상뉴스,밝은세상뉴스,6,
NNP,불교포커스,불교포커스,5,
NNP,불교투데이,불교투데이,5,
NNP,불교닷컴,불교닷컴,4,
NNP,부산일보,부산일보,4,
NNP,KBS부산,KBS부산,5,
NNP,비즈니스매거진,비즈니스매거진,7,
NNP,바이킹,바이킹,3,
NNP,천안일보,천안일보,4,
NNP,매경자동차,매경자동차,5,
NNP,카고뉴스,카고뉴스,4,
NNP,해운항공신문,해운항공신문,6,
NNP,자동차생활,자동차생활,5,
NNP,CarLNC,CarLNC,6,
NNP,가톨릭신문,가톨릭신문,5,
NNP,충북인뉴스,충북인뉴스,5,
NNP,CBSNEWS,CBSNEWS,7,
NNP,충청일보,충청일보,4,
NNP,충청매일,충청매일,4,
NNP,충청뉴스,충청뉴스,4,
NNP,충남신문,충남신문,4,
NNP,충청타임즈,충청타임즈,5,
NNP,충청투데이,충청투데이,5,
NNP,Seeko,Seeko,5,
NNP,한국상공인신문,한국상공인신문,7,
NNP,CEO뉴스,CEO뉴스,5,
NNP,ceopost,ceopost,7,
NNP,충청포커스,충청포커스,5,
NNP,그리스도복음신보,그리스도복음신보,8,
NNP,춘천노컷,춘천노컷,4,
NNP,강원희망신문,강원희망신문,6,
NNP,참뉴스,참뉴스,3,
NNP,참소리,참소리,3,
NNP,창원극동방송,창원극동방송,6,
NNP,KBS창원,KBS창원,5,
NNP,보령신문,보령신문,4,
NNP,춘천불교방송,춘천불교방송,6,
NNP,청도신문,청도신문,4,
NNP,제주MBC,제주MBC,5,
NNP,켐로커스,켐로커스,4,
NNP,천안넷,천안넷,3,
NNP,KBS청주,KBS청주,5,
NNP,철원신문,철원신문,4,
NNP,차이나워치,차이나워치,5,
NNP,춘천MBC,춘천MBC,5,
NNP,크리스천노컷뉴스,크리스천노컷뉴스,8,
NNP,크리스천헤럴드,크리스천헤럴드,7,
NNP,크리스천라이프,크리스천라이프,7,
NNP,크리스천투데이,크리스천투데이,7,
NNP,크리스찬투데이,크리스찬투데이,7,
NNP,축산경제신문,축산경제신문,6,
NNP,축산뉴스,축산뉴스,4,
NNP,KBS춘천,KBS춘천,5,
NNP,춘천신문,춘천신문,4,
NNP,연세춘추,연세춘추,4,
NNP,KBS충주,KBS충주,5,
NNP,충남일보,충남일보,4,
NNP,충남시사신문,충남시사신문,6,
NNP,크리스챤뉴스,크리스챤뉴스,6,
NNP,씨네21,씨네21,4,
NNP,CIO,CIO,3,
NNP,씨스켐닷컴,씨스켐닷컴,5,
NNP,씨티21,씨티21,4,
NNP,청주노컷,청주노컷,4,
NNP,CJB청주방송,CJB청주방송,7,
NNP,청주불교방송,청주불교방송,6,
NNP,청주일보,청주일보,4,
NNP,충주인터넷신문,충주인터넷신문,7,
NNP,충주MBC,충주MBC,5,
NNP,이판사판,이판사판,4,
NNP,시티,시티,2,
NNP,CMB한강방송,CMB한강방송,7,
NNP,CMB광주방송,CMB광주방송,7,
NNP,CMB충청방송,CMB충청방송,7,
NNP,CMN,CMN,3,
NNP,CNBNews,CNBNews,7,
NNP,CN드림,CN드림,4,
NNP,건설경제_cnews,건설경제_cnews,10,
NNP,씨앤엠,씨앤엠,3,
NNP,CNN한글뉴스,CNN한글뉴스,7,
NNP,코카뉴스,코카뉴스,4,
NNP,컴백홈,컴백홈,3,
NNP,컴퓨터타임즈,컴퓨터타임즈,6,
NNP,청주교차로컴씨,청주교차로컴씨,7,
NNP,한국건설신문,한국건설신문,6,
NNP,소비자가만드는신문,소비자가만드는신문,9,
NNP,함께걸음,함께걸음,4,
NNP,컨슈머타임스,컨슈머타임스,6,
NNP,건교투데이,건교투데이,5,
NNP,e시티뉴스,e시티뉴스,5,
NNP,CRT기독교TV,CRT기독교TV,8,
NNP,시티타임스,시티타임스,5,
NNP,컬쳐인시흥,컬쳐인시흥,5,
NNP,컵뉴스,컵뉴스,3,
NNP,철원인터넷뉴스,철원인터넷뉴스,7,
NNP,철원뉴스,철원뉴스,4,
NNP,청양신문,청양신문,4,
NNP,다바이코리아,다바이코리아,6,
NNP,대가야신문,대가야신문,5,
NNP,대구광역시,대구광역시,5,
NNP,대구소리,대구소리,4,
NNP,서울판대한일보,서울판대한일보,7,
NNP,대한일보,대한일보,4,
NNP,KBS대전,KBS대전,5,
NNP,대전뉴스,대전뉴스,4,
NNP,대전일보,대전일보,4,
NNP,동아경제신문사,동아경제신문사,7,
NNP,데일리안,데일리안,4,
NNP,데일리중앙,데일리중앙,5,
NNP,일간부동산,일간부동산,5,
NNP,데일리카,데일리카,4,
NNP,충청신문,충청신문,4,
NNP,소비자경제,소비자경제,5,
NNP,일간건설,일간건설,4,
NNP,컨슈머리포트,컨슈머리포트,6,
NNP,데일리그리드,데일리그리드,6,
NNP,데일리전북,데일리전북,5,
NNP,데일리메디,데일리메디,5,
NNP,데일리NK,데일리NK,5,
NNP,데일리OST,데일리OST,6,
NNP,데일리리뷰,데일리리뷰,5,
NNP,달성뉴스,달성뉴스,4,
NNP,당당뉴스,당당뉴스,4,
NNP,단미,단미,2,
NNP,DATANET,DATANET,7,
NNP,동부미디어코리아,동부미디어코리아,8,
NNP,동북아신문,동북아신문,5,
NNP,동아방송,동아방송,4,
NNP,디지털데일리,디지털데일리,6,
NNP,괴물딴지,괴물딴지,4,
NNP,딴지일보,딴지일보,4,
NNP,동대문신문,동대문신문,5,
NNP,닥터코리아,닥터코리아,5,
NNP,들소리신문,들소리신문,5,
NNP,동의대신문,동의대신문,5,
NNP,대전극동방송,대전극동방송,6,
NNP,대구노컷,대구노컷,4,
NNP,대구불교방송,대구불교방송,6,
NNP,대구인터넷뉴스,대구인터넷뉴스,7,
NNP,대구MBC,대구MBC,5,
NNP,대구경북뉴스,대구경북뉴스,6,
NNP,노동세상_대구경북지사,노동세상_대구경북지사,11,
NNP,대구평화방송,대구평화방송,6,
NNP,대한예능신문,대한예능신문,6,
NNP,대한뉴스,대한뉴스,4,
NNP,디지털화순뉴스,디지털화순뉴스,7,
NNP,귀금속경제신문,귀금속경제신문,7,
NNP,재난포커스,재난포커스,5,
NNP,Discover,Discover,8,
NNP,디아이진,디아이진,4,
NNP,BreakNews_대전/충청,BreakNews_대전/충청,15,
NNP,대전노컷,대전노컷,4,
NNP,당진인터넷뉴스,당진인터넷뉴스,7,
NNP,대전평화방송,대전평화방송,6,
NNP,대전포스트,대전포스트,5,
NNP,당진시대,당진시대,4,
NNP,당진투데이,당진투데이,5,
NNP,BreakNews_대구/경북,BreakNews_대구/경북,15,
NNP,도깨비뉴스,도깨비뉴스,5,
NNP,Dmnnewswire,Dmnnewswire,11,
NNP,디자인신문,디자인신문,5,
NNP,디지털청년의사,디지털청년의사,7,
NNP,의협신문,의협신문,4,
NNP,의사신문,의사신문,4,
NNP,전북도민일보,전북도민일보,6,
NNP,비즈니스리뷰,비즈니스리뷰,6,
NNP,서울동부신문,서울동부신문,6,
NNP,재외동포신문,재외동포신문,6,
NNP,씨앤앰동서울케이블,씨앤앰동서울케이블,9,
NNP,데일리팜,데일리팜,4,
NNP,닥터뉴스,닥터뉴스,4,
NNP,문학방송,문학방송,4,
NNP,한국장애인IT신문,한국장애인IT신문,9,
NNP,Discovery,Discovery,9,
NNP,동서디지털방송,동서디지털방송,7,
NNP,디지털타임스,디지털타임스,6,
NNP,dit24,dit24,5,
NNP,일간투데이,일간투데이,5,
NNP,dvdprime,dvdprime,8,
NNP,동두천연천인터넷뉴스,동두천연천인터넷뉴스,10,
NNP,동양일보,동양일보,4,
NNP,담양신문,담양신문,4,
NNP,이투뉴스,이투뉴스,4,
NNP,e백제신문,e백제신문,5,
NNP,e비즈투데이,e비즈투데이,6,
NNP,EBN산업뉴스,EBN산업뉴스,7,
NNP,EBS,EBS,3,
NNP,버즈,버즈,2,
NNP,교통환경신문,교통환경신문,6,
NNP,한국소비자연합,한국소비자연합,7,
NNP,문화경제신문,문화경제신문,6,
NNP,에코저널,에코저널,4,
NNP,환경법률신문,환경법률신문,6,
NNP,어린이경제신문,어린이경제신문,7,
NNP,Economist,Economist,9,
NNP,서울경제,서울경제,4,
NNP,이코노미플러스,이코노미플러스,7,
NNP,이코노미세계,이코노미세계,6,
NNP,이데일리,이데일리,4,
NNP,이데이뉴스,이데이뉴스,5,
NNP,e당진뉴스,e당진뉴스,5,
NNP,전자엔지니어,전자엔지니어,6,
NNP,파이낸셜신문,파이낸셜신문,6,
NNP,김포마루,김포마루,4,
NNP,조은뉴스,조은뉴스,4,
NNP,e조은뉴스,e조은뉴스,5,
NNP,군위닷컴,군위닷컴,4,
NNP,광양만권뉴스,광양만권뉴스,6,
NNP,하남신문,하남신문,4,
NNP,e헬스통신,e헬스통신,5,
NNP,전기신문,전기신문,4,
NNP,전기공업신문,전기공업신문,6,
NNP,Embeddedworld,Embeddedworld,13,
NNP,에너지데일리,에너지데일리,6,
NNP,에너지타임즈,에너지타임즈,6,
NNP,빛고을광주소식,빛고을광주소식,7,
NNP,이뉴스투데이,이뉴스투데이,6,
NNP,앙팡,앙팡,2,
NNP,디지털조선일보,디지털조선일보,7,
NNP,동아일보_English,동아일보_English,12,
NNP,KBS(영문),KBS(영문),7,
NNP,YONHAPNEWS,YONHAPNEWS,10,
NNP,환경경찰신문,환경경찰신문,6,
NNP,환경타임즈,환경타임즈,5,
NNP,어민신문,어민신문,4,
NNP,ePaynews,ePaynews,8,
NNP,경제플러스,경제플러스,5,
NNP,국민신문고,국민신문고,5,
NNP,월간전자부품,월간전자부품,6,
NNP,전력신문,전력신문,4,
NNP,은평시민신문,은평시민신문,6,
NNP,대기원시보,대기원시보,5,
NNP,은평타임즈,은평타임즈,5,
NNP,서울여성노동자회,서울여성노동자회,8,
NNP,이코노믹리뷰,이코노믹리뷰,6,
NNP,사상계,사상계,3,
NNP,서대문사람들,서대문사람들,6,
NNP,소비자신문,소비자신문,5,
NNP,일간연예스포츠,일간연예스포츠,7,
NNP,월간에세이,월간에세이,5,
NNP,다음_부동산,다음_부동산,6,
NNP,음성투데이,음성투데이,5,
NNP,이타임즈,이타임즈,4,
NNP,전자신문,전자신문,4,
NNP,경제투데이,경제투데이,5,
NNP,이투데이,이투데이,4,
NNP,동아닷컴TV,동아닷컴TV,6,
NNP,유로꼬레,유로꼬레,4,
NNP,한국경제_알림이벤트,한국경제_알림이벤트,10,
NNP,이화듀,이화듀,3,
NNP,특급뉴스,특급뉴스,4,
NNP,아이앤지닷컴,아이앤지닷컴,6,
NNP,bnt뉴스,bnt뉴스,5,
NNP,패션비즈,패션비즈,4,
NNP,패션지오,패션지오,4,
NNP,패션인사이드,패션인사이드,6,
NNP,제내드,제내드,3,
NNP,한국창업신문,한국창업신문,6,
NNP,극동방송,극동방송,4,
NNP,순복음가족신문,순복음가족신문,7,
NNP,보험매일,보험매일,4,
NNP,한국수산경제,한국수산경제,6,
NNP,식약신문,식약신문,4,
NNP,FMTV표준방송,FMTV표준방송,8,
NNP,FNN,FNN,3,
NNP,파이낸셜뉴스,파이낸셜뉴스,6,
NNP,금융플러스,금융플러스,5,
NNP,FNTIMES,FNTIMES,7,
NNP,파이낸스투데이,파이낸스투데이,7,
NNP,포커스인아시아,포커스인아시아,7,
NNP,포커스뉴스,포커스뉴스,5,
NNP,포모스,포모스,3,
NNP,Food_Standards_Agency,Food_Standards_Agency,21,
NNP,식품외식경제,식품외식경제,6,
NNP,식품위생신문,식품위생신문,6,
NNP,식품나라,식품나라,4,
NNP,인터넷식품신문,인터넷식품신문,7,
NNP,포포투뉴스,포포투뉴스,5,
NNP,FOXNews,FOXNews,7,
NNP,소방방재신문,소방방재신문,6,
NNP,프리존뉴스,프리존뉴스,5,
NNP,프런티어타임스,프런티어타임스,7,
NNP,미래한국,미래한국,4,
NNP,월간객석,월간객석,4,
NNP,게임동아,게임동아,4,
NNP,게임타임,게임타임,4,
NNP,강화역사문화연구소,강화역사문화연구소,9,
NNP,KBS강릉,KBS강릉,5,
NNP,디지털가스뉴스,디지털가스뉴스,7,
NNP,경북인터넷뉴스,경북인터넷뉴스,7,
NNP,경북제일신문,경북제일신문,6,
NNP,영남안전뉴스,영남안전뉴스,6,
NNP,파라과이기독교한인방송,파라과이기독교한인방송,11,
NNP,고창신문,고창신문,4,
NNP,고창뉴스,고창뉴스,4,
NNP,gcs푸른방송,gcs푸른방송,7,
NNP,김천투데이,김천투데이,5,
NNP,경도일보,경도일보,4,
NNP,제니파크,제니파크,4,
NNP,거제신문,거제신문,4,
NNP,거제중앙신문,거제중앙신문,6,
NNP,거제뉴스,거제뉴스,4,
NNP,거제타임즈,거제타임즈,5,
NNP,주간현대신문사_브레이크뉴스_경기본부,주간현대신문사_브레이크뉴스_경기본부,19,
NNP,경기헤럴드,경기헤럴드,5,
NNP,김해인터넷뉴스,김해인터넷뉴스,7,
NNP,환경신문,환경신문,4,
NNP,강화로닷컴,강화로닷컴,5,
NNP,건국일보,건국일보,4,
NNP,김천핫뉴스,김천핫뉴스,5,
NNP,미래신문,미래신문,4,
NNP,김포데일리,김포데일리,5,
NNP,김포저널,김포저널,4,
NNP,김포로,김포로,3,
NNP,김포타임즈,김포타임즈,5,
NNP,광주노컷,광주노컷,4,
NNP,광주드림,광주드림,4,
NNP,광주인터넷신문,광주인터넷신문,7,
NNP,광주인터넷뉴스,광주인터넷뉴스,7,
NNP,기장정보사이트,기장정보사이트,7,
NNP,광주투데이,광주투데이,5,
NNP,거제인터넷신문,거제인터넷신문,7,
NNP,경주신문,경주신문,4,
NNP,광주뉴스,광주뉴스,4,
NNP,강진신문,강진신문,4,
NNP,김제시민의신문,김제시민의신문,7,
NNP,유리신문,유리신문,4,
NNP,금산민보,금산민보,4,
NNP,구미조은뉴스,구미조은뉴스,6,
NNP,경북문화신문,경북문화신문,6,
NNP,경남노컷,경남노컷,4,
NNP,강릉닷컴,강릉닷컴,4,
NNP,지앤이타임즈,지앤이타임즈,6,
NNP,경기도정책포털,경기도정책포털,7,
NNP,경기남부인터넷뉴스,경기남부인터넷뉴스,9,
NNP,굿모닝논산,굿모닝논산,5,
NNP,경남매일,경남매일,4,
NNP,강릉MBC,강릉MBC,5,
NNP,경남일보,경남일보,4,
NNP,경남연합일보,경남연합일보,6,
NNP,골닷컴,골닷컴,3,
NNP,고창코리아,고창코리아,5,
NNP,시티저널,시티저널,4,
NNP,강진고을신문,강진고을신문,6,
NNP,곡성투데이,곡성투데이,5,
NNP,golfchampionmagazine,golfchampionmagazine,20,
NNP,골프한국,골프한국,4,
NNP,골프매거진,골프매거진,5,
NNP,굿데이스포츠,굿데이스포츠,6,
NNP,굿뉴스피플,굿뉴스피플,5,
NNP,고성신문,고성신문,4,
NNP,지피코리아,지피코리아,5,
NNP,자연환경신문,자연환경신문,6,
NNP,경기리포트,경기리포트,5,
NNP,계룡신문,계룡신문,4,
NNP,강남방송,강남방송,4,
NNP,고성인터넷뉴스,고성인터넷뉴스,7,
NNP,경산신문,경산신문,4,
NNP,광산저널신문,광산저널신문,6,
NNP,경상매일신문,경상매일신문,6,
NNP,경서신문,경서신문,4,
NNP,GS울산방송,GS울산방송,6,
NNP,관악신문,관악신문,4,
NNP,국악방송,국악방송,4,
NNP,구미내일신문,구미내일신문,6,
NNP,구미방송,구미방송,4,
NNP,구미아이뉴스,구미아이뉴스,6,
NNP,구미뉴스,구미뉴스,4,
NNP,건치신문,건치신문,4,
NNP,군포신문,군포신문,4,
NNP,군산신문,군산신문,4,
NNP,구리넷,구리넷,3,
NNP,광진뉴스,광진뉴스,4,
NNP,KBS광주,KBS광주,5,
NNP,광주인,광주인,3,
NNP,광남일보,광남일보,4,
NNP,강원인터넷뉴스,강원인터넷뉴스,7,
NNP,강원신문,강원신문,4,
NNP,강원리뷰,강원리뷰,4,
NNP,고양인터넷신문,고양인터넷신문,7,
NNP,광양뉴스,광양뉴스,4,
NNP,강서양천일보,강서양천일보,6,
NNP,교통신문,교통신문,4,
NNP,시사월간피플,시사월간피플,6,
NNP,CJ헬로비전_가야방송,CJ헬로비전_가야방송,11,
NNP,한겨레21,한겨레21,5,
NNP,월간해인,월간해인,4,
NNP,해사정보신문,해사정보신문,6,
NNP,해사신문,해사신문,4,
NNP,하광신문,하광신문,4,
NNP,한국학부모신문,한국학부모신문,7,
NNP,하나로데일리,하나로데일리,6,
NNP,한겨레,한겨레,3,
NNP,브라질한인회,브라질한인회,6,
NNP,한국경제신문,한국경제신문,6,
NNP,한나프레스,한나프레스,5,
NNP,한려투데이,한려투데이,5,
NNP,한산신문,한산신문,4,
NNP,한국아파트신문,한국아파트신문,7,
NNP,중앙USA_하와이,중앙USA_하와이,9,
NNP,한국부동산경제,한국부동산경제,7,
NNP,화천인터넷뉴스,화천인터넷뉴스,7,
NNP,CJ헬로비전_해운대방송,CJ헬로비전_해운대방송,12,
NNP,한경닷컴_헬스한경,한경닷컴_헬스한경,9,
NNP,희망일보,희망일보,4,
NNP,대덕넷,대덕넷,3,
NNP,Hellomalaysia,Hellomalaysia,13,
NNP,헤럴드경제,헤럴드경제,5,
NNP,한길뉴스,한길뉴스,4,
NNP,한강타임즈,한강타임즈,5,
NNP,하이강릉,하이강릉,4,
NNP,문경신문,문경신문,4,
NNP,CLWMF,CLWMF,5,
NNP,하이태백,하이태백,4,
NNP,환경일보,환경일보,4,
NNP,헬스코리아,헬스코리아,5,
NNP,화광신문,화광신문,4,
NNP,흑룡강신문,흑룡강신문,5,
NNP,대한기독신문,대한기독신문,6,
NNP,호남조은뉴스,호남조은뉴스,6,
NNP,뉴스라인,뉴스라인,4,
NNP,호주동아,호주동아,4,
NNP,톱뉴스,톱뉴스,3,
NNP,호남매일신문,호남매일신문,6,
NNP,BreakNews_광주/전라,BreakNews_광주/전라,15,
NNP,호남일보,호남일보,4,
NNP,호남매일,호남매일,4,
NNP,농업정보신문,농업정보신문,6,
NNP,한국주택신문,한국주택신문,6,
NNP,함평신문,함평신문,4,
NNP,함평군민신문,함평군민신문,6,
NNP,hrdtv,hrdtv,5,
NNP,횡성신문,횡성신문,4,
NNP,화성인터넷뉴스,화성인터넷뉴스,7,
NNP,홍성신문,홍성신문,4,
NNP,화성오산신문,화성오산신문,6,
NNP,GTB강원민방,GTB강원민방,7,
NNP,해운대프리즘,해운대프리즘,6,
NNP,디지탈회순뉴스,디지탈회순뉴스,7,
NNP,화순투데이,화순투데이,5,
NNP,함양뉴스,함양뉴스,4,
NNP,현대일보,현대일보,4,
NNP,안산뉴스,안산뉴스,4,
NNP,인천공항영종뉴스,인천공항영종뉴스,8,
NNP,부산금정신문,부산금정신문,6,
NNP,ibs뉴스,ibs뉴스,5,
NNP,부안독립신문,부안독립신문,6,
NNP,불교신문,불교신문,4,
NNP,기독일보씨디엔,기독일보씨디엔,7,
NNP,칠곡신문,칠곡신문,4,
NNP,인천인터넷뉴스,인천인터넷뉴스,7,
NNP,CMB대전방송,CMB대전방송,7,
NNP,이천신문,이천신문,4,
NNP,아이씨엔,아이씨엔,4,
NNP,아이콘티브이,아이콘티브이,6,
NNP,대구일보,대구일보,4,
NNP,경남도민일보,경남도민일보,6,
NNP,아이디위클리,아이디위클리,6,
NNP,은평신문,은평신문,4,
NNP,ETN,ETN,3,
NNP,서울강북신문,서울강북신문,6,
NNP,GBN강원방송,GBN강원방송,7,
NNP,국제환경방송,국제환경방송,6,
NNP,GBS뉴스,GBS뉴스,5,
NNP,김포신문,김포신문,4,
NNP,광주일등뉴스,광주일등뉴스,6,
NNP,아이굿뉴스,아이굿뉴스,5,
NNP,금산신문,금산신문,4,
NNP,해사경제신문,해사경제신문,6,
NNP,한라일보,한라일보,4,
NNP,호남신문,호남신문,4,
NNP,화성신문,화성신문,4,
NNP,장성닷컴,장성닷컴,4,
NNP,제주투데이,제주투데이,5,
NNP,인제인터넷뉴스,인제인터넷뉴스,7,
NNP,KBC광주방송,KBC광주방송,7,
NNP,중앙통신뉴스,중앙통신뉴스,6,
NNP,수원교차로,수원교차로,5,
NNP,국토일보,국토일보,4,
NNP,한국일보벤쿠버,한국일보벤쿠버,7,
NNP,한국농정,한국농정,4,
NNP,익산투데이,익산투데이,5,
NNP,금속노동자,금속노동자,5,
NNP,일다,일다,2,
NNP,일간경기,일간경기,4,
NNP,리빙센스,리빙센스,4,
NNP,PC사랑,PC사랑,4,
NNP,일요신문,일요신문,4,
NNP,일요저널,일요저널,4,
NNP,일요서울,일요서울,4,
NNP,일요시사,일요시사,4,
NNP,매일신문,매일신문,4,
NNP,MBC,MBC,3,
NNP,주간문경신문,주간문경신문,6,
NNP,민주신문,민주신문,4,
NNP,밀양뉴스,밀양뉴스,4,
NNP,MBCNews,MBCNews,7,
NNP,imrich,imrich,6,
NNP,인천뉴스,인천뉴스,4,
NNP,독립신문,독립신문,4,
NNP,이대학보,이대학보,4,
NNP,매경이코노미,매경이코노미,6,
NNP,하이서울뉴스,하이서울뉴스,6,
NNP,아이뉴스24,아이뉴스24,6,
NNP,충북일보,충북일보,4,
NNP,시사뉴스피플,시사뉴스피플,6,
NNP,인터넷신문_포항,인터넷신문_포항,8,
NNP,인포미트사,인포미트사,5,
NNP,시민운동연합신문,시민운동연합신문,8,
NNP,시민사회신문,시민사회신문,6,
NNP,인터넷저널,인터넷저널,5,
NNP,인물과사상,인물과사상,5,
NNP,in-news,in-news,7,
NNP,이노베이션월드,이노베이션월드,7,
NNP,인사모,인사모,3,
NNP,한국보험신문,한국보험신문,6,
NNP,보험일보,보험일보,4,
NNP,보험신보,보험신보,4,
NNP,NTN,NTN,3,
NNP,온양신문,온양신문,4,
NNP,포천신문,포천신문,4,
NNP,평택신문,평택신문,4,
NNP,이슈제주,이슈제주,4,
NNP,수산인신문,수산인신문,5,
NNP,ITdaily,ITdaily,7,
NNP,더데일리,더데일리,4,
NNP,국제섬유신문,국제섬유신문,6,
NNP,인천신문,인천신문,4,
NNP,산업기술인터넷방송국,산업기술인터넷방송국,10,
NNP,아이티투데이,아이티투데이,6,
NNP,경인방송,경인방송,4,
NNP,아이유뉴스,아이유뉴스,5,
NNP,울산매일,울산매일,4,
NNP,웰빙뉴스,웰빙뉴스,4,
NNP,우먼센스,우먼센스,4,
NNP,영주인터넷방송,영주인터넷방송,7,
NNP,ybn,ybn,3,
NNP,예천인터넷방송,예천인터넷방송,7,
NNP,여수까치정보,여수까치정보,6,
NNP,유아림,유아림,3,
NNP,대자보,대자보,3,
NNP,시흥자치신문,시흥자치신문,6,
NNP,자주민보,자주민보,4,
NNP,중앙매일,중앙매일,4,
NNP,진안신문,진안신문,4,
NNP,장업신문,장업신문,4,
NNP,전국아파트입주자대표회의연합회,전국아파트입주자대표회의연합회,15,
NNP,자유로포럼,자유로포럼,5,
NNP,브레이크뉴스_전북,브레이크뉴스_전북,9,
NNP,JBC전북방송,JBC전북방송,7,
NNP,CJ헬로비전_중부산방송,CJ헬로비전_중부산방송,12,
NNP,전북교수학습지원센터,전북교수학습지원센터,10,
NNP,중부매일,중부매일,4,
NNP,진보평론,진보평론,4,
NNP,JBS,JBS,3,
NNP,진천신문,진천신문,4,
NNP,진천매일신문,진천매일신문,6,
NNP,제천신문,제천신문,4,
NNP,JCN뉴스,JCN뉴스,5,
NNP,JCN울산중앙방송,JCN울산중앙방송,9,
NNP,제주극동방송,제주극동방송,6,
NNP,KBS제주,KBS제주,5,
NNP,제주포커스,제주포커스,5,
NNP,제주인뉴스,제주인뉴스,5,
NNP,제주메일,제주메일,4,
NNP,제주일보,제주일보,4,
NNP,제주프레스,제주프레스,5,
NNP,제주의소리,제주의소리,5,
NNP,제민일보,제민일보,4,
NNP,전라닷컴,전라닷컴,4,
NNP,전라일보,전라일보,4,
NNP,KBS전주,KBS전주,5,
NNP,전라도닷컴,전라도닷컴,5,
NNP,전라도뉴스,전라도뉴스,5,
NNP,전국매일,전국매일,4,
NNP,전민일보,전민일보,4,
NNP,전원주택신문,전원주택신문,6,
NNP,중구자치신문,중구자치신문,6,
NNP,전광뉴스,전광뉴스,4,
NNP,장흥타임즈,장흥타임즈,5,
NNP,JIBS제주방송,JIBS제주방송,8,
NNP,진창마넷,진창마넷,4,
NNP,진도투데이,진도투데이,5,
NNP,KBS진주,KBS진주,5,
NNP,진주MBC,진주MBC,5,
NNP,진주뉴스,진주뉴스,4,
NNP,전북일보,전북일보,4,
NNP,전주일보,전주일보,4,
NNP,진주인터넷신문,진주인터넷신문,7,
NNP,제주인터넷뉴스,제주인터넷뉴스,7,
NNP,전주매일,전주매일,4,
NNP,전북중앙신문,전북중앙신문,6,
NNP,전광일보,전광일보,4,
NNP,재경일보,재경일보,4,
NNP,전주MBC,전주MBC,5,
NNP,전남노컷,전남노컷,4,
NNP,전남도민일보,전남도민일보,6,
NNP,정읍신문,정읍신문,4,
NNP,전남조은뉴스,전남조은뉴스,6,
NNP,전남일보,전남일보,4,
NNP,전남인터넷뉴스,전남인터넷뉴스,7,
NNP,중앙일보_조인스랜드,중앙일보_조인스랜드,10,
NNP,JoongangDaily,JoongangDaily,13,
NNP,중부일보,중부일보,4,
NNP,중도일보,중도일보,4,
NNP,조세일보,조세일보,4,
NNP,조세통신,조세통신,4,
NNP,조이뉴스24,조이뉴스24,6,
NNP,나눔과기쁨,나눔과기쁨,5,
NNP,증평괴산저널,증평괴산저널,6,
NNP,제이피뉴스,제이피뉴스,5,
NNP,장성뉴스,장성뉴스,4,
NNP,정읍시사,정읍시사,4,
NNP,장성사람들,장성사람들,5,
NNP,제주관광신문,제주관광신문,6,
NNP,JTV전주방송,JTV전주방송,7,
NNP,주부생활,주부생활,4,
NNP,점프볼,점프볼,3,
NNP,중앙시장,중앙시장,4,
NNP,서울중구신문사,서울중구신문사,7,
NNP,JustFood,JustFood,8,
NNP,자유방송,자유방송,4,
NNP,경원일보,경원일보,4,
NNP,뉴스리더,뉴스리더,4,
NNP,강원도민일보,강원도민일보,6,
NNP,씨앤앰강동케이블,씨앤앰강동케이블,8,
NNP,대한금융신문,대한금융신문,6,
NNP,케이벤치,케이벤치,4,
NNP,경북인뉴스,경북인뉴스,5,
NNP,경북제일신보,경북제일신보,6,
NNP,경북매일신문,경북매일신문,6,
NNP,국민방송미디어,국민방송미디어,7,
NNP,kbn대한방송,kbn대한방송,7,
NNP,건강365,건강365,5,
NNP,KBSN,KBSN,4,
NNP,미주가톨릭방송,미주가톨릭방송,7,
NNP,김천문화신문,김천문화신문,6,
NNP,재한외국인방송,재한외국인방송,7,
NNP,충남in뉴스,충남in뉴스,6,
NNP,경기북부교차로,경기북부교차로,7,
NNP,민족화해,민족화해,4,
NNP,크리스찬트리뷴,크리스찬트리뷴,7,
NNP,KCTV_광주방송,KCTV_광주방송,9,
NNP,KCTV,KCTV,4,
NNP,씨앤앰경기동부케이블,씨앤앰경기동부케이블,10,
NNP,ibtv기독방송,ibtv기독방송,8,
NNP,여주신문,여주신문,4,
NNP,데일리경제,데일리경제,5,
NNP,전철협신문사,전철협신문사,6,
NNP,경제인,경제인,3,
NNP,디지털성결,디지털성결,5,
NNP,경기방송,경기방송,4,
NNP,한국논단,한국논단,4,
NNP,경기북부일보,경기북부일보,6,
NNP,경기도민일보,경기도민일보,6,
NNP,경기etv뉴스,경기etv뉴스,7,
NNP,경기매일,경기매일,4,
NNP,경기신문,경기신문,4,
NNP,경향신문,경향신문,4,
NNP,병원신문,병원신문,4,
NNP,경향게임스,경향게임스,5,
NNP,소년조선,소년조선,4,
NNP,기독신문,기독신문,4,
NNP,기독뉴스,기독뉴스,4,
NNP,어린이동아,어린이동아,5,
NNP,소년한국일보,소년한국일보,6,
NNP,기호일보,기호일보,4,
NNP,디지털김제신문,디지털김제신문,7,
NNP,김포뉴스,김포뉴스,4,
NNP,경인열린신문,경인열린신문,6,
NNP,광주불교방송,광주불교방송,6,
NNP,광주매일신문,광주매일신문,6,
NNP,국제교육문화신문사,국제교육문화신문사,9,
NNP,공주대뉴스,공주대뉴스,5,
NNP,광주MBC,광주MBC,5,
NNP,광주평화방송,광주평화방송,6,
NNP,금강뉴스,금강뉴스,4,
NNP,물류신문,물류신문,4,
NNP,코리아로컬뉴스,코리아로컬뉴스,7,
NNP,경인매일,경인매일,4,
NNP,한국모바일방송,한국모바일방송,7,
NNP,K모바일,K모바일,4,
NNP,군산미래신문,군산미래신문,6,
NNP,광명시민신문,광명시민신문,6,
NNP,경북동해뉴스,경북동해뉴스,6,
NNP,KNN,KNN,3,
NNP,경남신문,경남신문,4,
NNP,교차로저널,교차로저널,5,
NNP,한국에너지신문,한국에너지신문,7,
NNP,코나스넷,코나스넷,4,
NNP,국방일보,국방일보,4,
NNP,고려대학교,고려대학교,5,
NNP,중앙USA_중앙방송,중앙USA_중앙방송,10,
NNP,한국디지털뉴스,한국디지털뉴스,7,
NNP,코리아헤럴드,코리아헤럴드,6,
NNP,헤럴드경제_미주판,헤럴드경제_미주판,9,
NNP,koreaheute,koreaheute,10,
NNP,한국지역인터넷신문,한국지역인터넷신문,9,
NNP,koreamonitor,koreamonitor,12,
NNP,중국의창,중국의창,4,
NNP,코리아나뉴스,코리아나뉴스,6,
NNP,대한변호사신문,대한변호사신문,7,
NNP,재중국한국인회,재중국한국인회,7,
NNP,한겨레저널,한겨레저널,5,
NNP,한국신문,한국신문,4,
NNP,코리안메디뉴스,코리안메디뉴스,7,
NNP,Koreanpress,Koreanpress,11,
NNP,한국소비자신문,한국소비자신문,7,
NNP,TheKoreaTimes,TheKoreaTimes,13,
NNP,미주한국일보,미주한국일보,6,
NNP,코리아타운,코리아타운,5,
NNP,코리아위클리,코리아위클리,6,
NNP,코메디닷컴,코메디닷컴,5,
NNP,코리안위클리,코리안위클리,6,
NNP,에이빙뉴스,에이빙뉴스,5,
NNP,Engadget_kr,Engadget_kr,11,
NNP,아이비타임즈,아이비타임즈,6,
NNP,야후,야후,2,
NNP,한국증권신문,한국증권신문,6,
NNP,코리아쉬핑가제트,코리아쉬핑가제트,8,
NNP,경상일보,경상일보,4,
NNP,경산인터넷뉴스,경산인터넷뉴스,7,
NNP,호주퀸스랜드주한인회,호주퀸스랜드주한인회,10,
NNP,한국섬유신문,한국섬유신문,6,
NNP,한국교원신문,한국교원신문,6,
NNP,운송신문,운송신문,4,
NNP,KTV,KTV,3,
NNP,고대신문,고대신문,4,
NNP,국정일보,국정일보,4,
NNP,금오공대신문,금오공대신문,6,
NNP,씨앤앰구로케이블,씨앤앰구로케이블,8,
NNP,구로타임즈,구로타임즈,5,
NNP,광주일보,광주일보,4,
NNP,강원일보,강원일보,4,
NNP,경기일보,경기일보,4,
NNP,경인일보,경인일보,4,
NNP,교민세계,교민세계,4,
NNP,경북일보,경북일보,4,
NNP,교포신문,교포신문,4,
NNP,교수신문,교수신문,4,
NNP,씨앤앰경동케이블,씨앤앰경동케이블,8,
NNP,씨앤앰경기케이블,씨앤앰경기케이블,8,
NNP,경도신문,경도신문,4,
NNP,중앙USA_LosAngeles,중앙USA_LosAngeles,16,
NNP,월간노동,월간노동,4,
NNP,참여와혁신,참여와혁신,5,
NNP,매일노동뉴스,매일노동뉴스,6,
NNP,노동세상,노동세상,4,
NNP,레이디경향,레이디경향,5,
NNP,한국조경신문,한국조경신문,6,
NNP,법률신문,법률신문,4,
NNP,라지온,라지온,3,
NNP,레몬트리,레몬트리,4,
NNP,라이프매일,라이프매일,5,
NNP,라이브뉴스,라이브뉴스,5,
NNP,축산사이버컨설팅,축산사이버컨설팅,8,
NNP,노동뉴스제작단,노동뉴스제작단,7,
NNP,대전사랑,대전사랑,4,
NNP,Luxury,Luxury,6,
NNP,M25,M25,3,
NNP,조인스매거진,조인스매거진,6,
NNP,이코노미스트,이코노미스트,6,
NNP,마닐라서울,마닐라서울,5,
NNP,서비스매너신문,서비스매너신문,7,
NNP,씨앤앰마포케이블,씨앤앰마포케이블,8,
NNP,마포일보,마포일보,4,
NNP,마포신문,마포신문,4,
NNP,마포타임즈,마포타임즈,5,
NNP,창원MBC,창원MBC,5,
NNP,맥스무비,맥스무비,4,
NNP,청주MBC,청주MBC,5,
NNP,MBC드라마넷,MBC드라마넷,7,
NNP,MBCevery,MBCevery,8,
NNP,MBCMedia,MBCMedia,8,
NNP,MBN,MBN,3,
NNP,mbs,mbs,3,
NNP,MCMeurope,MCMeurope,9,
NNP,메디컬한국,메디컬한국,5,
NNP,미디어코리아,미디어코리아,6,
NNP,메디컬투데이,메디컬투데이,6,
NNP,메디칼리뷰,메디칼리뷰,5,
NNP,CGLand,CGLand,6,
NNP,한소리방송,한소리방송,5,
NNP,파란,파란,2,
NNP,미디어골프,미디어골프,5,
NNP,미디어제주,미디어제주,5,
NNP,미디어몹,미디어몹,4,
NNP,미디어오늘,미디어오늘,5,
NNP,미디어스,미디어스,4,
NNP,메디칼업저버,메디칼업저버,6,
NNP,메디칼트리뷴,메디칼트리뷴,6,
NNP,메디포뉴스,메디포뉴스,5,
NNP,메디게이트,메디게이트,5,
NNP,메디파나뉴스,메디파나뉴스,6,
NNP,메디팜라이브,메디팜라이브,6,
NNP,메디팜뉴스,메디팜뉴스,5,
NNP,MedLive,MedLive,7,
NNP,의계신문,의계신문,4,
NNP,메쎄뉴스,메쎄뉴스,4,
NNP,매스타임즈,매스타임즈,5,
NNP,메트로,메트로,3,
NNP,엠파이트,엠파이트,4,
NNP,문경인터넷뉴스,문경인터넷뉴스,7,
NNP,바르고맑은세상,바르고맑은세상,7,
NNP,문화저널,문화저널,4,
NNP,정보통신부_뉴스,정보통신부_뉴스,8,
NNP,21세기군사연구소,21세기군사연구소,9,
NNP,MINDAN,MINDAN,6,
NNP,민족21,민족21,4,
NNP,인천미래신문,인천미래신문,6,
NNP,밀양신문,밀양신문,4,
NNP,전북매일신문,전북매일신문,6,
NNP,정경뉴스,정경뉴스,4,
NNP,민족의학신문,민족의학신문,6,
NNP,매일경제,매일경제,4,
NNP,MK헬스,MK헬스,4,
NNP,한국마케팅신문,한국마케팅신문,7,
NNP,월간엠재즈,월간엠재즈,5,
NNP,보건복지가족부_부처뉴스,보건복지가족부_부처뉴스,12,
NNP,목포극동방송,목포극동방송,6,
NNP,KBS목포,KBS목포,5,
NNP,목포MBC,목포MBC,5,
NNP,노동부뉴스,노동부뉴스,5,
NNP,법제처뉴스,법제처뉴스,5,
NNP,모모뉴스,모모뉴스,4,
NNP,모니터포유,모니터포유,5,
NNP,월간식당,월간식당,4,
NNP,월간조선,월간조선,4,
NNP,월간사진,월간사진,4,
NNP,무등일보,무등일보,4,
NNP,모닝뉴스,모닝뉴스,4,
NNP,MotorTrend,MotorTrend,10,
NNP,마운틴월드,마운틴월드,5,
NNP,무비위크,무비위크,4,
NNP,머니투데이,머니투데이,5,
NNP,머니투데이방송,머니투데이방송,7,
NNP,문화통,문화통,3,
NNP,무안신문,무안신문,4,
NNP,문화일보,문화일보,4,
NNP,버섯정보신문,버섯정보신문,6,
NNP,음악교육신문,음악교육신문,6,
NNP,뮤즈월드신문,뮤즈월드신문,6,
NNP,마이데일리,마이데일리,5,
NNP,고양신문,고양신문,4,
NNP,부천일보,부천일보,4,
NNP,MYTV21,MYTV21,6,
NNP,마이웨딩,마이웨딩,4,
NNP,내일신문,내일신문,4,
NNP,대학내일신문,대학내일신문,6,
NNP,내외신문,내외신문,4,
NNP,내외일보,내외일보,4,
NNP,가톨릭뉴스,가톨릭뉴스,5,
NNP,나주투데이,나주투데이,5,
NNP,남부타임즈,남부타임즈,5,
NNP,남도매일,남도매일,4,
NNP,남도일보,남도일보,4,
NNP,디지털남동신문,디지털남동신문,7,
NNP,남도투데이,남도투데이,5,
NNP,인터넷남해신문,인터넷남해신문,7,
NNP,시사브리핑,시사브리핑,5,
NNP,나눔뉴스,나눔뉴스,4,
NNP,Nature,Nature,6,
NNP,국회방송,국회방송,4,
NNP,Navi4U,Navi4U,6,
NNP,남도방송,남도방송,4,
NNP,한국노동방송,한국노동방송,6,
NNP,내외매일뉴스,내외매일뉴스,6,
NNP,남도뉴스,남도뉴스,4,
NNP,네오톡닷컴,네오톡닷컴,5,
NNP,부동산뱅크,부동산뱅크,5,
NNP,뉴질랜드코리아리뷰온라인,뉴질랜드코리아리뷰온라인,12,
NNP,뉴데일리,뉴데일리,4,
NNP,신동아음악신문사,신동아음악신문사,8,
NNP,홍성닷컴,홍성닷컴,4,
NNP,애니한닷컴,애니한닷컴,5,
NNP,BBC,BBC,3,
NNP,붓다뉴스,붓다뉴스,4,
NNP,중대신문,중대신문,4,
NNP,CGNTV,CGNTV,5,
NNP,충대신문,충대신문,4,
NNP,동아사이언스,동아사이언스,6,
NNP,뉴스토마토,뉴스토마토,5,
NNP,한국일보,한국일보,4,
NNP,정보화마을,정보화마을,5,
NNP,서경방송,서경방송,4,
NNP,미디어다음뉴스,미디어다음뉴스,7,
NNP,Paxnet,Paxnet,6,
NNP,파주싱싱뉴스,파주싱싱뉴스,6,
NNP,기독교복지신문,기독교복지신문,7,
NNP,사랑방뉴스,사랑방뉴스,5,
NNP,행복서초뉴스,행복서초뉴스,6,
NNP,news24,news24,6,
NNP,뉴스사천,뉴스사천,4,
NNP,오라뉴스,오라뉴스,4,
NNP,뉴스앤뉴스,뉴스앤뉴스,5,
NNP,참세상,참세상,3,
NNP,뉴스컬쳐,뉴스컬쳐,4,
NNP,뉴스데일리,뉴스데일리,5,
NNP,뉴스엔,뉴스엔,3,
NNP,뉴스경남,뉴스경남,4,
NNP,구미공단신문,구미공단신문,6,
NNP,뉴스한국,뉴스한국,4,
NNP,뉴시안,뉴시안,3,
NNP,뉴시스,뉴시스,3,
NNP,뉴시스헬스,뉴시스헬스,5,
NNP,뉴시스와이어,뉴시스와이어,6,
NNP,뉴스제주,뉴스제주,4,
NNP,뉴스코리아,뉴스코리아,5,
NNP,뉴스킹,뉴스킹,3,
NNP,마이뉴스코리아,마이뉴스코리아,7,
NNP,NewsKorea,NewsKorea,9,
NNP,뉴스매거진,뉴스매거진,5,
NNP,뉴스메이커,뉴스메이커,5,
NNP,뉴스미션,뉴스미션,4,
NNP,의약뉴스,의약뉴스,4,
NNP,나주뉴스,나주뉴스,4,
NNP,뉴스원,뉴스원,3,
NNP,뉴스핌,뉴스핌,3,
NNP,검찰일보,검찰일보,4,
NNP,뉴스포스트,뉴스포스트,5,
NNP,뉴스파워,뉴스파워,4,
NNP,프라임경제,프라임경제,5,
NNP,뉴스서천,뉴스서천,4,
NNP,선데이뉴스,선데이뉴스,5,
NNP,뉴스테이지,뉴스테이지,5,
NNP,뉴스투데이21,뉴스투데이21,7,
NNP,뉴스통영,뉴스통영,4,
NNP,뉴스울산,뉴스울산,4,
NNP,뉴스웨이,뉴스웨이,4,
NNP,뉴스Win,뉴스Win,5,
NNP,뉴스와이어,뉴스와이어,5,
NNP,시사경북,시사경북,4,
NNP,한국재난안전신문,한국재난안전신문,8,
NNP,뉴욕일보,뉴욕일보,4,
NNP,넥스트이코노미,넥스트이코노미,7,
NNP,내셔널지오그래픽채널,내셔널지오그래픽채널,10,
NNP,남양주구리뉴스,남양주구리뉴스,7,
NNP,CJ헬로비전_중앙방송,CJ헬로비전_중앙방송,11,
NNP,중앙일보_시민사회연구소,중앙일보_시민사회연구소,12,
NNP,남해안신문,남해안신문,5,
NNP,남해타임즈,남해타임즈,5,
NNP,남인천방송,남인천방송,5,
NNP,위클리홍콩,위클리홍콩,5,
NNP,NK조선,NK조선,4,
NNP,내셔널리그,내셔널리그,5,
NNP,놀뫼신문,놀뫼신문,4,
NNP,노컷뉴스,노컷뉴스,4,
NNP,노동일보,노동일보,4,
NNP,시니어스타임즈,시니어스타임즈,7,
NNP,녹원뉴스닷컴,녹원뉴스닷컴,6,
NNP,디지털농경21,디지털농경21,7,
NNP,농업인신문,농업인신문,5,
NNP,notebookforums,notebookforums,14,
NNP,노트기어,노트기어,4,
NNP,노트유저,노트유저,4,
NNP,나우뉴스tv,나우뉴스tv,6,
NNP,씨앤앰노원케이블,씨앤앰노원케이블,8,
NNP,노원신문,노원신문,4,
NNP,내포시대,내포시대,4,
NNP,남원순창인터넷뉴스,남원순창인터넷뉴스,9,
NNP,NSP통신,NSP통신,5,
NNP,네트워크신문,네트워크신문,6,
NNP,서울신문NTN,서울신문NTN,7,
NNP,동아누리,동아누리,4,
NNP,Nxfile,Nxfile,6,
NNP,중앙일보_뉴욕,중앙일보_뉴욕,7,
NNP,남양주방송,남양주방송,5,
NNP,남양주뉴스,남양주뉴스,5,
NNP,남양주투데이,남양주투데이,6,
NNP,뉴질랜드코리아포스트,뉴질랜드코리아포스트,10,
NNP,타우랑가신문,타우랑가신문,6,
NNP,obsnews,obsnews,7,
NNP,공무원뉴스,공무원뉴스,5,
NNP,인터넷전남뉴스,인터넷전남뉴스,7,
NNP,오마이뉴스,오마이뉴스,5,
NNP,오양평뉴스,오양평뉴스,5,
NNP,월간주유소,월간주유소,5,
NNP,충북넷,충북넷,3,
NNP,옥천신문,옥천신문,4,
NNP,세계한인신문,세계한인신문,6,
NNP,톡톡신문,톡톡신문,4,
NNP,온아신문,온아신문,4,
NNP,온바오,온바오,3,
NNP,OnBookTV,OnBookTV,8,
NNP,온타임즈,온타임즈,4,
NNP,YBS영동방송,YBS영동방송,7,
NNP,오산시민신문,오산시민신문,6,
NNP,OSEN,OSEN,4,
NNP,아웃소싱타임스,아웃소싱타임스,7,
NNP,오운뉴스,오운뉴스,4,
NNP,ibnnews,ibnnews,7,
NNP,경기북부cnbnews,경기북부cnbnews,11,
NNP,파주타임스,파주타임스,5,
NNP,팔공신문,팔공신문,4,
NNP,전업농신문,전업농신문,5,
NNP,파리지성,파리지성,4,
NNP,Paymentsnews,Paymentsnews,12,
NNP,평화방송,평화방송,4,
NNP,부산평화방송,부산평화방송,6,
NNP,국민방송,국민방송,4,
NNP,PCBee,PCBee,5,
NNP,포천인터넷뉴스,포천인터넷뉴스,7,
NNP,한국기독공보,한국기독공보,6,
NNP,피씨스피커,피씨스피커,5,
NNP,PD저널,PD저널,4,
NNP,펜소리신문,펜소리신문,5,
NNP,중앙일보_인물정보,중앙일보_인물정보,9,
NNP,포항노컷,포항노컷,4,
NNP,약국신문,약국신문,4,
NNP,약사신문,약사신문,4,
NNP,메디팜스투데이,메디팜스투데이,7,
NNP,포항CBS,포항CBS,5,
NNP,포항MBC,포항MBC,5,
NNP,phnews,phnews,6,
NNP,사진예술,사진예술,4,
NNP,포토마케팅,포토마케팅,5,
NNP,시사대한하보,시사대한하보,6,
NNP,양돈타임즈,양돈타임즈,5,
NNP,포항i방송,포항i방송,5,
NNP,파주인터넷뉴스,파주인터넷뉴스,7,
NNP,파주저널,파주저널,4,
NNP,BreakNews_부산/울산/경남,BreakNews_부산/울산/경남,18,
NNP,Plasticsnews,Plasticsnews,12,
NNP,플러스코리아,플러스코리아,6,
NNP,평화뉴스,평화뉴스,4,
NNP,포항극동방송,포항극동방송,6,
NNP,KBS포항,KBS포항,5,
NNP,포항뉴스,포항뉴스,4,
NNP,경찰일보,경찰일보,4,
NNP,법률경찰뉴스,법률경찰뉴스,6,
NNP,폴리스타임즈,폴리스타임즈,6,
NNP,폴리뉴스,폴리뉴스,4,
NNP,EBN화학정보,EBN화학정보,7,
NNP,프레스25,프레스25,5,
NNP,프레시안,프레시안,4,
NNP,프레스파주,프레스파주,5,
NNP,프라임뉴스,프라임뉴스,5,
NNP,민주화를위한전국교수협의회,민주화를위한전국교수협의회,13,
NNP,푸른신문,푸른신문,4,
NNP,부산MBC,부산MBC,5,
NNP,평택자치신문,평택자치신문,6,
NNP,평택시민신문,평택시민신문,6,
NNP,부천뉴매거진,부천뉴매거진,6,
NNP,부산외국어대학교인터넷방송국,부산외국어대학교인터넷방송국,14,
NNP,큐머드,큐머드,3,
NNP,부동산114,부동산114,6,
NNP,라디오21,라디오21,5,
NNP,관악FM,관악FM,4,
NNP,라디오한국,라디오한국,5,
NNP,주거환경신문,주거환경신문,6,
NNP,독서신문,독서신문,4,
NNP,리얼콘,리얼콘,3,
NNP,레디앙,레디앙,3,
NNP,리폼드뉴스,리폼드뉴스,5,
NNP,부동산신문,부동산신문,5,
NNP,리뷰스타,리뷰스타,4,
NNP,자유아시아방송,자유아시아방송,7,
NNP,RFIDjurnal,RFIDjurnal,10,
NNP,열린창업신문,열린창업신문,6,
NNP,루리웹,루리웹,3,
NNP,러닝라이프,러닝라이프,5,
NNP,농촌여성신문,농촌여성신문,6,
NNP,S한경,S한경,3,
NNP,와룡신문,와룡신문,4,
NNP,새거제신문,새거제신문,5,
NNP,safekoreanews,safekoreanews,13,
NNP,안전포커스,안전포커스,5,
NNP,안전신문,안전신문,4,
NNP,샐러드TV,샐러드TV,5,
NNP,월간산,월간산,3,
NNP,신안신문,신안신문,4,
NNP,상주인터넷방송,상주인터넷방송,7,
NNP,상주인터넷신문,상주인터넷신문,7,
NNP,산업경제신문,산업경제신문,6,
NNP,산림환경뉴스,산림환경뉴스,6,
NNP,사람일보,사람일보,4,
NNP,신라케이블방송,신라케이블방송,7,
NNP,창업경영신문,창업경영신문,6,
NNP,분당판교뉴스,분당판교뉴스,6,
NNP,sbscnbc,sbscnbc,7,
NNP,sbs콘텐츠허브,sbs콘텐츠허브,8,
NNP,SBS미디어넷,SBS미디어넷,7,
NNP,순천인터넷뉴스,순천인터넷뉴스,7,
NNP,순천향대신문,순천향대신문,6,
NNP,사이언스엠디,사이언스엠디,6,
NNP,사이언스타임즈,사이언스타임즈,7,
NNP,삼척MBC,삼척MBC,5,
NNP,전남뉴스,전남뉴스,4,
NNP,전남동부신문,전남동부신문,6,
NNP,사천뉴스,사천뉴스,4,
NNP,순창신문,순창신문,4,
NNP,전남뉴스피플,전남뉴스피플,6,
NNP,시대정신,시대정신,4,
NNP,성동일보,성동일보,4,
NNP,성동신문,성동신문,4,
NNP,수성동구케이블,수성동구케이블,7,
NNP,세계일보,세계일보,4,
NNP,서울교육신문,서울교육신문,6,
NNP,서천신문,서천신문,4,
NNP,서초구민신문,서초구민신문,6,
NNP,서초신문,서초신문,4,
NNP,서귀포신문,서귀포신문,5,
NNP,e-서해뉴스,e-서해뉴스,6,
NNP,성동저널,성동저널,4,
NNP,성주신문,성주신문,4,
NNP,서산뉴스,서산뉴스,4,
NNP,서울매일,서울매일,4,
NNP,서울연예스포츠,서울연예스포츠,7,
NNP,서울파이낸스,서울파이낸스,6,
NNP,서울일보,서울일보,4,
NNP,서울시민일보,서울시민일보,6,
NNP,서울포스트,서울포스트,5,
NNP,서울여성신문,서울여성신문,6,
NNP,C3TV설교방송,C3TV설교방송,8,
NNP,서먼TV,서먼TV,4,
NNP,부동산써브,부동산써브,5,
NNP,기독일보,기독일보,4,
NNP,중앙USA_샌프란시스코,중앙USA_샌프란시스코,12,
NNP,삼군신문,삼군신문,4,
NNP,미주세계일보,미주세계일보,6,
NNP,서해안뉴스,서해안뉴스,5,
NNP,상해뉴스,상해뉴스,4,
NNP,신아일보,신아일보,4,
NNP,신동아,신동아,3,
NNP,인터넷뉴스신문고,인터넷뉴스신문고,8,
NNP,주간시흥,주간시흥,4,
NNP,시흥신문,시흥신문,4,
NNP,시흥시민뉴스,시흥시민뉴스,6,
NNP,시대일보,시대일보,4,
NNP,시흥저널,시흥저널,4,
NNP,시정일보,시정일보,4,
NNP,Siliconvalley,Siliconvalley,13,
NNP,실버TV,실버TV,4,
NNP,경기북부시민신문,경기북부시민신문,8,
NNP,시민일보,시민일보,4,
NNP,시민의소리,시민의소리,5,
NNP,시사포커스,시사포커스,5,
NNP,시사한겨레,시사한겨레,5,
NNP,시사한국,시사한국,4,
NNP,시사IN,시사IN,4,
NNP,참언론실천시사기자단,참언론실천시사기자단,10,
NNP,시사제주,시사제주,4,
NNP,시사코리아,시사코리아,5,
NNP,시사매거진,시사매거진,5,
NNP,시사매일,시사매일,4,
NNP,시사뉴스,시사뉴스,4,
NNP,시사경제신문,시사경제신문,6,
NNP,시사저널,시사저널,4,
NNP,시사서울,시사서울,4,
NNP,i시사미디어,i시사미디어,6,
NNP,시사신문,시사신문,4,
NNP,새전북신문,새전북신문,5,
NNP,세종뉴스,세종뉴스,4,
NNP,상주포커스,상주포커스,5,
NNP,성주자치신문,성주자치신문,6,
NNP,서울경기일보,서울경기일보,6,
NNP,성대신문,성대신문,4,
NNP,선경일보,선경일보,4,
NNP,중소기업신문,중소기업신문,6,
NNP,중소벤처신문,중소벤처신문,6,
NNP,광명우리뉴스,광명우리뉴스,6,
NNP,성남일보,성남일보,4,
NNP,서남방송신문,서남방송신문,6,
NNP,성남뉴스넷,성남뉴스넷,5,
NNP,성남타임즈,성남타임즈,5,
NNP,성남투데이,성남투데이,5,
NNP,소비라이프,소비라이프,5,
NNP,경찰신보,경찰신보,4,
NNP,솔론,솔론,2,
NNP,송파신문,송파신문,4,
NNP,송파타임즈,송파타임즈,5,
NNP,송산인터넷소식,송산인터넷소식,7,
NNP,설악타임즈,설악타임즈,5,
NNP,소통뉴스,소통뉴스,4,
NNP,이데일리SPN,이데일리SPN,7,
NNP,스포탈코리아,스포탈코리아,6,
NNP,SportingNews,SportingNews,12,
NNP,스포츠조선,스포츠조선,5,
NNP,스포츠동아,스포츠동아,5,
NNP,스포츠한국,스포츠한국,5,
NNP,스포츠칸,스포츠칸,4,
NNP,스포츠24,스포츠24,5,
NNP,스포츠서울닷컴,스포츠서울닷컴,7,
NNP,코리아타운데일리,코리아타운데일리,8,
NNP,스포츠월드,스포츠월드,5,
NNP,sp투데이,sp투데이,5,
NNP,서라벌신문,서라벌신문,5,
NNP,시사헤드라인,시사헤드라인,6,
NNP,스포츠성남,스포츠성남,5,
NNP,SSTV,SSTV,4,
NNP,스타뉴스,스타뉴스,4,
NNP,EBN스틸뉴스,EBN스틸뉴스,7,
NNP,HCN서초방송,HCN서초방송,7,
NNP,스포츠투데이,스포츠투데이,6,
NNP,stv,stv,3,
NNP,수도일보,수도일보,4,
NNP,수도권일보,수도권일보,5,
NNP,서북일보,서북일보,4,
NNP,용인아이,용인아이,4,
NNP,구병아름마을,구병아름마을,6,
NNP,서울투데이,서울투데이,5,
NNP,KBS순천,KBS순천,5,
NNP,순천시민의신문,순천시민의신문,7,
NNP,선데이저널,선데이저널,5,
NNP,선데이타임즈,선데이타임즈,6,
NNP,한국수산신문사,한국수산신문사,7,
NNP,수원일보,수원일보,4,
NNP,신영남뉴스,신영남뉴스,5,
NNP,태안신문,태안신문,4,
NNP,태안인터넷뉴스,태안인터넷뉴스,7,
NNP,TaipeiTimes,TaipeiTimes,11,
NNP,세정신문,세정신문,4,
NNP,TBC대구방송,TBC대구방송,7,
NNP,TBN한국교통방송,TBN한국교통방송,9,
NNP,Tbroad,Tbroad,6,
NNP,TBS교통방송,TBS교통방송,7,
NNP,TCN케이블방송,TCN케이블방송,8,
NNP,교통일보,교통일보,4,
NNP,테크노아,테크노아,4,
NNP,TEN,TEN,3,
NNP,테니스코리아,테니스코리아,6,
NNP,비즈타임스,비즈타임스,5,
NNP,더부천,더부천,3,
NNP,데일리코스메틱,데일리코스메틱,7,
NNP,데일리머니,데일리머니,5,
NNP,thedailynews,thedailynews,12,
NNP,에듀타임즈,에듀타임즈,5,
NNP,코넷,코넷,2,
NNP,더타임즈,더타임즈,4,
NNP,베리타스,베리타스,4,
NNP,식품음료신문,식품음료신문,6,
NNP,씽크풀,씽크풀,3,
NNP,타임뉴스,타임뉴스,4,
NNP,타임스페이스,타임스페이스,6,
NNP,TJB대전방송,TJB대전방송,7,
NNP,대전MBC,대전MBC,5,
NNP,투데이제천,투데이제천,5,
NNP,TJplaza,TJplaza,7,
NNP,코리아채널,코리아채널,5,
NNP,국제태권도신문,국제태권도신문,7,
NNP,대경타임즈,대경타임즈,5,
NNP,천안투데이,천안투데이,5,
NNP,투데이코리아,투데이코리아,6,
NNP,투데이파주,투데이파주,5,
NNP,오늘신문,오늘신문,4,
NNP,통일뉴스,통일뉴스,4,
NNP,타운뉴스,타운뉴스,4,
NNP,토요저널,토요저널,4,
NNP,여행신문,여행신문,4,
NNP,TU,TU,2,
NNP,이데일리TV,이데일리TV,6,
NNP,티브이공삼일,티브이공삼일,6,
NNP,TV4U,TV4U,4,
NNP,티브이데일리,티브이데일리,6,
NNP,TVK,TVK,3,
NNP,서울신문_이슈토론,서울신문_이슈토론,9,
NNP,twobiz,twobiz,6,
NNP,통영인터넷뉴스,통영인터넷뉴스,7,
NNP,TYN통영뉴스,TYN통영뉴스,7,
NNP,U1media,U1media,7,
NNP,UBC울산방송,UBC울산방송,7,
NNP,연합건설신문,연합건설신문,6,
NNP,울릉도독도인터넷뉴스,울릉도독도인터넷뉴스,10,
NNP,의령신문,의령신문,4,
NNP,의정부신문방송,의정부신문방송,7,
NNP,울산제일일보,울산제일일보,6,
NNP,울산종합일보,울산종합일보,6,
NNP,유코피아,유코피아,4,
NNP,울진신문,울진신문,4,
NNP,울산극동방송,울산극동방송,6,
NNP,KBS울산,KBS울산,5,
NNP,울산FOCUS,울산FOCUS,7,
NNP,울산조은뉴스,울산조은뉴스,6,
NNP,울산MBC,울산MBC,5,
NNP,울산포스트,울산포스트,5,
NNP,울산신문,울산신문,4,
NNP,울산소식,울산소식,4,
NNP,유니온프레스,유니온프레스,6,
NNP,전국대학신문기자연합,전국대학신문기자연합,10,
NNP,미주통일신문,미주통일신문,6,
NNP,한국대학신문,한국대학신문,6,
NNP,업코리아,업코리아,4,
NNP,우리신문,우리신문,4,
NNP,울산노컷,울산노컷,4,
NNP,군위의성인터넷뉴스,군위의성인터넷뉴스,9,
NNP,음성자치신문,음성자치신문,6,
NNP,음성신문,음성신문,4,
NNP,코리안타임즈,코리안타임즈,6,
NNP,울산여성신문,울산여성신문,6,
NNP,의왕뉴스,의왕뉴스,4,
NNP,벤쿠버조선,벤쿠버조선,5,
NNP,VideoPlue,VideoPlue,9,
NNP,VietNamTimes,VietNamTimes,12,
NNP,비바이탈리아통신,비바이탈리아통신,8,
NNP,민중의소리_월간말,민중의소리_월간말,9,
NNP,데이터뉴스,데이터뉴스,5,
NNP,남양주타임즈,남양주타임즈,6,
NNP,완도신문,완도신문,4,
NNP,완도청해진,완도청해진,5,
NNP,완주신문,완주신문,4,
NNP,WBS원음방송,WBS원음방송,7,
NNP,위캔뉴스,위캔뉴스,4,
NNP,수요저널,수요저널,4,
NNP,웨딩뉴스,웨딩뉴스,4,
NNP,주간조선,주간조선,4,
NNP,CNB저널,CNB저널,5,
NNP,주간동아,주간동아,4,
NNP,주간한국,주간한국,4,
NNP,위클리서울,위클리서울,5,
NNP,한국축구신문,한국축구신문,6,
NNP,주간무역,주간무역,4,
NNP,장애인뉴스,장애인뉴스,5,
NNP,후생신보,후생신보,4,
NNP,위키트리,위키트리,4,
NNP,원주인터넷뉴스,원주인터넷뉴스,7,
NNP,원주MBC,원주MBC,5,
NNP,원주넷,원주넷,3,
NNP,WNewsKorea,WNewsKorea,10,
NNP,여성조선,여성조선,4,
NNP,여성동아,여성동아,4,
NNP,여성중앙,여성중앙,4,
NNP,한국여성신문,한국여성신문,6,
NNP,여성종합뉴스,여성종합뉴스,6,
NNP,여성농업인신문,여성농업인신문,7,
NNP,여성신문,여성신문,4,
NNP,KBS원주,KBS원주,5,
NNP,원주투데이,원주투데이,5,
NNP,우리힘,우리힘,3,
NNP,우리일보,우리일보,4,
NNP,경기여성정보웹진우리,경기여성정보웹진우리,10,
NNP,월드뉴스,월드뉴스,4,
NNP,worldyannews,worldyannews,12,
NNP,와우넷,와우넷,3,
NNP,한국경제TV,한국경제TV,6,
NNP,우리동네뉴스,우리동네뉴스,6,
NNP,도하개발아젠다,도하개발아젠다,7,
NNP,서프라이즈,서프라이즈,5,
NNP,월요시사,월요시사,4,
NNP,약사공론,약사공론,4,
NNP,약업신문,약업신문,4,
NNP,연변통신,연변통신,4,
NNP,영암뉴스,영암뉴스,4,
NNP,양주/동두천닷컴,양주/동두천닷컴,8,
NNP,양산신문,양산신문,4,
NNP,영암신문,영암신문,4,
NNP,ybc연합방송,ybc연합방송,7,
NNP,YBN영서방송,YBN영서방송,7,
NNP,영덕봉화뉴스,영덕봉화뉴스,6,
NNP,영천뉴스24,영천뉴스24,6,
NNP,영천인터넷뉴스,영천인터넷뉴스,7,
NNP,예천신문,예천신문,4,
NNP,양천신문,양천신문,4,
NNP,영동노컷,영동노컷,4,
NNP,목요신문,목요신문,4,
NNP,영등포신문,영등포신문,5,
NNP,세종신문여주포커스,세종신문여주포커스,9,
NNP,여주타임즈,여주타임즈,5,
NNP,영동극동방송,영동극동방송,6,
NNP,영주신문,영주신문,4,
NNP,영남일보,영남일보,4,
NNP,나주영산강인터넷방송국,나주영산강인터넷방송국,11,
NNP,연수신문,연수신문,4,
NNP,예스무한,예스무한,4,
NNP,영광21,영광21,4,
NNP,영광신문,영광신문,4,
NNP,영광함평장성인터넷뉴스,영광함평장성인터넷뉴스,11,
NNP,화순예향신문,화순예향신문,6,
NNP,용인인터넷신문,용인인터넷신문,7,
NNP,영주시민신문,영주시민신문,6,
NNP,양주인터넷뉴스,양주인터넷뉴스,7,
NNP,여주시민신문,여주시민신문,6,
NNP,ymania,ymania,6,
NNP,영남방송,영남방송,4,
NNP,경기일보_여주지사,경기일보_여주지사,9,
NNP,연천닷컴,연천닷컴,4,
NNP,연천저널,연천저널,4,
NNP,영동신문,영동신문,4,
NNP,용인티비,용인티비,4,
NNP,용인시민신문,용인시민신문,6,
NNP,용인신문,용인신문,4,
NNP,용인뉴스,용인뉴스,4,
NNP,지역연합신문,지역연합신문,6,
NNP,연합일보,연합일보,4,
NNP,연합뉴스,연합뉴스,4,
NNP,유메이커,유메이커,4,
NNP,백운신문,백운신문,4,
NNP,양평매일뉴스,양평매일뉴스,6,
NNP,양평뉴스,양평뉴스,4,
NNP,양평타임즈,양평타임즈,5,
NNP,양산인터넷뉴스,양산인터넷뉴스,7,
NNP,여수MBC,여수MBC,5,
NNP,영천시민신문,영천시민신문,6,
NNP,양산시민신문,양산시민신문,6,
NNP,YSTAR,YSTAR,5,
NNP,소비자연합타임즈,소비자연합타임즈,8,
NNP,YTN,YTN,3,
NNP,YTNDMB,YTNDMB,6,
NNP,YTNradio,YTNradio,8,
NNP,영양인터넷뉴스,영양인터넷뉴스,7,
NNP,영양신문,영양신문,4,
NNP,제로인투자자문,제로인투자자문,7,
NNP,양평신문,양평신문,4,
NNP,줌인스포츠,줌인스포츠,5,
NNP,관악저널,관악저널,4,
NNP,파인뉴스,파인뉴스,4,
NNP,http://lady.dzcom,http://lady.dzcom,17,
NNP,http://cb-h.com,http://cb-h.com,15,
NNP,http://njdaily.cn,http://njdaily.cn,17,
NNP,http://xmcom,http://xmcom,12,
NNP,http://elec.dzcom,http://elec.dzcom,17,
NNP,뉴스zum,뉴스zum,5,
NNP,엑스포츠뉴스,엑스포츠뉴스,6,
NNP,News1,News1,5,
NNP,삼성내일,삼성내일,4,
NNP,MK뉴스,MK뉴스,4,
NNP,용인아이,용인아이,4,
NNP,OSEN,OSEN,4,
NNP,머니투데이,머니투데이,5,
NNP,헤럴드경제,헤럴드경제,5,
NNP,joinsmsn증권,joinsmsn증권,10,
NNP,IT동아,IT동아,4,
NNP,복드림,복드림,3,
NNP,중국국제방송,중국국제방송,6,
NNP,중앙일보,중앙일보,4,
NNP,KOREA IT TIMES,KOREA IT TIMES,14,
NNP,인터뷰365,인터뷰365,6,
NNP,일간스포츠,일간스포츠,5,
NNP,해럴드경제,해럴드경제,5,
NNP,경제풍월,경제풍월,4,
NNP,CNBNEWS ,CNBNEWS ,8,
NNP,그린포스트코리아,그린포스트코리아,8,
NNP,연합인포맥스,연합인포맥스,6,
NNP,모네타뉴스,모네타뉴스,5,
NNP,마이더스,마이더스,4,
NNP,뷰티한국,뷰티한국,4,
NNP,파운드매거진,파운드매거진,6,
NNP,MK스포츠,MK스포츠,5,
NNP,인터뷰365,인터뷰365,6,
NNP,citydaily,citydaily,9,
NNP,천리안뉴스,천리안뉴스,5,
NNP,그린데일리,그린데일리,5,
NNP,산업일보,산업일보,4,
NNP,mbc이코노미뉴스,mbc이코노미뉴스,9,
NNP,스타투데이,스타투데이,5,
NNP,business&,business&,9,
NNP,뷰티한국,뷰티한국,4,
NNP,뉴스웨이브,뉴스웨이브,5,
NNP,아이뉴스24,아이뉴스24,6,
NNP,경향신문,경향신문,4,
NNP,파인뉴스,파인뉴스,4,
NNP,일간투데이,일간투데이,5,
NNP,BBC,BBC,3,
NNP,충남넷,충남넷,3,
NNP,충대신문,충대신문,4,
NNP,동아사이언스,동아사이언스,6,
NNP,프라이드 뉴스,프라이드 뉴스,7,
NNP,김해뉴스,김해뉴스,4,
NNP,Moneta뉴스,Moneta뉴스,8,
NNP,조인MSN이슈링,조인MSN이슈링,8,
NNP,조인MSN이슈링,조인MSN이슈링,8,
NNP,사랑방 뉴스,사랑방 뉴스,6,
NNP,경북도민일보,경북도민일보,6,
NNP,경북방송,경북방송,4,
NNP,(사)한국육류유통수출입협회,(사)한국육류유통수출입협회,14,
NNP,한겨레저널뉴스,한겨레저널뉴스,7,
NNP,뉴스웨이,뉴스웨이,4,
NNP,TV조선,TV조선,4,
NNP,머니투데이방송,머니투데이방송,7,
NNP,헤럴드경제,헤럴드경제,5,
NNP,redirect(NAC미디어),redirect(NAC미디어),16,
NNP,아산뉴스,아산뉴스,4,
NNP,SBS,SBS,3,
NNP,biz focus,biz focus,9,
NNP,울진21,울진21,4,
NNP,세종매일,세종매일,4,
NNP,지역연합신문,지역연합신문,6,
NNP,지역연합신문,지역연합신문,6,
NNP,고려사회복지교육원,고려사회복지교육원,9,
NNP,구미아이뉴스,구미아이뉴스,6,
NNP,흑룡간신문,흑룡간신문,5,
NNP,호남매일,호남매일,4,
NNP,i계룡신문,i계룡신문,5,
NNP,메쎄뉴스,메쎄뉴스,4,
NNP,남도매일,남도매일,4,
NNP,홍성닷컴,홍성닷컴,4,
NNP,헤럴드경제,헤럴드경제,5,
NNP,의양신문,의양신문,4,
NNP,위클리홍콩,위클리홍콩,5,
NNP,우리뉴스네트워크,우리뉴스네트워크,8,
NNP,부산MBC,부산MBC,5,
NNP,가톨릭뉴스,가톨릭뉴스,5,
NNP,신짜오베트남,신짜오베트남,6,
NNP,데일리그리드,데일리그리드,6,
NNP,데일리팜,데일리팜,4,
NNP,어린이경제신문,어린이경제신문,7,
NNP,이코노미리뷰,이코노미리뷰,6,
NNP,Focus,Focus,5,
NNP,경기eTV뉴스,경기eTV뉴스,7,
NNP,경기&뉴스,경기&뉴스,5,
NNP,경남CBS,경남CBS,5,
NNP,고창코리아,고창코리아,5,
NNP,구미방송(주),구미방송(주),7,
NNP,한인신문,한인신문,4,
NNP,in-news,in-news,7,
NNP,InsideChina,InsideChina,11,
NNP,포천신문,포천신문,4,
NNP,제주인터넷뉴스,제주인터넷뉴스,7,
NNP,전남인터넷신문,전남인터넷신문,7,
NNP,한국디지털뉴스,한국디지털뉴스,7,
NNP,KoreaWeekly,KoreaWeekly,11,
NNP,국정일보,국정일보,4,
NNP,메디칼타임즈,메디칼타임즈,6,
NNP,MOnews,MOnews,6,
NNP,NAC미디어,NAC미디어,6,
NNP,나눔뉴스,나눔뉴스,4,
NNP,뉴스천지,뉴스천지,4,
NNP,노동일보,노동일보,4,
NNP,온바오,온바오,3,
NNP,온타임즈,온타임즈,4,
NNP,아웃소싱타임스,아웃소싱타임스,7,
NNP,iBN뉴스,iBN뉴스,5,
NNP,팔공신문,팔공신문,4,
NNP,평안신문,평안신문,4,
NNP,프레스바이플,프레스바이플,6,
NNP,성대신문,성대신문,4,
NNP,뉴스비전e,뉴스비전e,5,
NNP,송산인터넷소식,송산인터넷소식,7,
NNP,STV,STV,3,
NNP,타임뉴스,타임뉴스,4,
NNP,TKC,TKC,3,
NNP,연합건설신문,연합건설신문,6,
NNP,교민연합뉴스,교민연합뉴스,6,
NNP,월드코리안뉴스,월드코리안뉴스,7,
NNP,연합방송,연합방송,4,
NNP,영광함평장성인터넷뉴스,영광함평장성인터넷뉴스,11,
NNP,연천닷컴,연천닷컴,4,
NNP,용인신문,용인신문,4,
NNP,양평뉴스,양평뉴스,4,
NNP,한국경제증권,한국경제증권,6,
NNP,동아탓컴뉴스,동아탓컴뉴스,6,
NNP,네이트 뉴스,네이트 뉴스,6,
NNP,포커스신문,포커스신문,5,
NNP,미주가톨릭방송,미주가톨릭방송,7,
NNP,메디칼타임즈,메디칼타임즈,6,
NNP,용인인터넷신문,용인인터넷신문,7,
NNP,경기북부교차로뉴스,경기북부교차로뉴스,9,
NNP,브레이크뉴스,브레이크뉴스,6,
NNP,Dispatch,Dispatch,8,
NNP,빌보드,빌보드,3,
NNP,엔터미디어,엔터미디어,5,
NNP,News24,News24,6,
NNP,Pop News,Pop News,8,
NNP,나눔일보,나눔일보,4,
NNP,bktx,bktx,4,
NNP,네이버R,네이버R,4,
NNP,다음R,다음R,3,
NNP,인천일보,인천일보,4,
NNP,라이브앤,라이브앤,4,
NNP,사하 인터넷뉴스,사하 인터넷뉴스,8,
NNP,미디어 잇,미디어 잇,5,
NNP,데일리 메일,데일리 메일,6,
NNP,새한일보,새한일보,4,
NNP,톱스타뉴스,톱스타뉴스,5,
NNP,신소재경제,신소재경제,5,
NNP,충남도민일보,충남도민일보,6,
NNP,그린경제신문,그린경제신문,6,
NNP,경안일보,경안일보,4,
NNP,미국의소리,미국의소리,5,
NNP,희망지성,희망지성,4,
NNP,교육산업신문,교육산업신문,6,
NNP,뉴스충청인,뉴스충청인,5,
NNP,어패럴뉴스,어패럴뉴스,5,
NNP,AVING,AVING,5,
NNP,월간암,월간암,3,
NNP,이지뉴스,이지뉴스,4,
NNP,아침신문,아침신문,4,
NNP,중앙일보헬스미디어,중앙일보헬스미디어,9,
NNP,경남도민신문,경남도민신문,6,
NNP,여성소비자신문,여성소비자신문,7,
NNP,경북TV뉴스,경북TV뉴스,6,
NNP,농민신문,농민신문,4,
NNP,주간경향,주간경향,4,
NNP,씨티타임즈,씨티타임즈,5,
NNP,대학저널,대학저널,4,
NNP,금융경제신문,금융경제신문,6,
NNP,국토경제신문,국토경제신문,6,
NNP,불교공뉴스,불교공뉴스,5,
NNP,중앙뉴스,중앙뉴스,4,
NNP,iT매일,iT매일,4,
NNP,경영데이터뉴스,경영데이터뉴스,7,
NNP,라포르시안,라포르시안,5,
NNP,WSTARNEWS,WSTARNEWS,9,
NNP,금강일보,금강일보,4,
NNP,safetoday,safetoday,9,
NNP,People Today,People Today,12,
NNP,창업닷컴,창업닷컴,4,
NNP,창원일보,창원일보,4,
NNP,GO발뉴스,GO발뉴스,5,
NNP,BabyNews,BabyNews,8,
NNP,jnuri,jnuri,5,
NNP,메디컬헤럴드,메디컬헤럴드,6,
NNP,은퇴한국,은퇴한국,4,
NNP,시사ON,시사ON,4,
NNP,스카이데일리,스카이데일리,6,
NNP,스탁데일리,스탁데일리,5,
NNP,더피알,더피알,3,
NNP,왓처데일리,왓처데일리,5,
NNP,채널A,채널A,3,
NNP,미디어워치,미디어워치,5,
NNP,무비조이,무비조이,4,
NNP,경인종합일보,경인종합일보,6,
NNP,기독일보,기독일보,4,
NNP,동양뉴스통신,동양뉴스통신,6,
NNP,녹색경제,녹색경제,4,
NNP,IPF국제방송,IPF국제방송,7,
NNP,한남일보,한남일보,4,
NNP,우리들뉴스,우리들뉴스,5,
NNP,여수신문,여수신문,4,
NNP,story K,story K,7,
NNP,경기타임스,경기타임스,5,
NNP,뉴스퀵,뉴스퀵,3,
NNP,크레이닷티비,크레이닷티비,6,
NNP,segyefn,segyefn,7,
NNP,수원인터넷뉴스,수원인터넷뉴스,7,
NNP,영남타임즈,영남타임즈,5,
NNP,닥터더블유,닥터더블유,5,
NNP,경남여성신문사,경남여성신문사,7,
NNP,경북사회복지뉴스,경북사회복지뉴스,8,
NNP,국제i저널,국제i저널,5,
NNP,서산인터넷뉴스,서산인터넷뉴스,7,
NNP,비타민뉴스,비타민뉴스,5,
NNP,메디소비자뉴스,메디소비자뉴스,7,
NNP,세종데일리,세종데일리,5,
NNP,패션인사이트,패션인사이트,6,
NNP,매일일보,매일일보,4,
NNP,기독인뉴스,기독인뉴스,5,
NNP,대전경제,대전경제,4,
NNP,한국타임즈,한국타임즈,5,
NNP,아이팜뉴스,아이팜뉴스,5,
NNP,제주레저신문,제주레저신문,6,
NNP,모닝뉴스,모닝뉴스,4,
NNP,서울디지털신문,서울디지털신문,7,
NNP,MK게임진,MK게임진,5,
NNP,jtbc뉴스,jtbc뉴스,6,
NNP,일요주간,일요주간,4,
NNP,웰빙코리아뉴스,웰빙코리아뉴스,7,
NNP,시사뉴스투데이,시사뉴스투데이,7,
NNP,이슈데일리,이슈데일리,5,
NNP,동아오토,동아오토,4,
NNP,한국미술신문,한국미술신문,6,
NNP,뉴스앤뷰,뉴스앤뷰,4,
NNP,앱피타이저,앱피타이저,5,
NNP,안성뉴스24,안성뉴스24,6,
NNP,오토헤럴드,오토헤럴드,5,
NNP,바끄로,바끄로,3,
NNP,불교방송,불교방송,4,
NNP,BI KOREA,BI KOREA,8,
NNP,환경매일신문,환경매일신문,6,
NNP,비즐,비즐,2,
NNP,보건타임즈,보건타임즈,5,
NNP, 푸른한국닷컴, 푸른한국닷컴,7,
NNP,시사투데이,시사투데이,5,
NNP,북스조선,북스조선,4,
NNP,부울경뉴스,부울경뉴스,5,
NNP,분당신문,분당신문,4,
NNP,붐업아시아,붐업아시아,5,
NNP,게임조선,게임조선,4,
NNP,CBC뉴스,CBC뉴스,5,
NNP,충청경제일보,충청경제일보,6,
NNP,씨채널방송,씨채널방송,5,
NNP,통신일보,통신일보,4,
NNP,건설이코노미뉴스,건설이코노미뉴스,8,
NNP,채널예스,채널예스,4,
NNP,CHANNEL IT,CHANNEL IT,10,
NNP,철원신문,철원신문,4,
NNP,기독교한국신문,기독교한국신문,7,
NNP,소비자를위한신문,소비자를위한신문,8,
NNP,충청탑뉴스,충청탑뉴스,5,
NNP,경남인뉴스,경남인뉴스,5,
NNP,데이터뉴스,데이터뉴스,5,
NNP,치과신문,치과신문,4,
NNP,동부중앙신문,동부중앙신문,6,
NNP,중국동포신문,중국동포신문,6,
NNP,DSTV,DSTV,4,
NNP,덴탈투데이,덴탈투데이,5,
NNP,디지털밸리뉴스,디지털밸리뉴스,7,
NNP,에코타임스,에코타임스,5,
NNP,에듀뉴스,에듀뉴스,4,
NNP,경북방송,경북방송,4,
NNP,오픈뉴스,오픈뉴스,4,
NNP,전력산업신문,전력산업신문,6,
NNP,교육전문신문,교육전문신문,6,
NNP,MK패션,MK패션,4,
NNP,프라임경북뉴스,프라임경북뉴스,7,
NNP,GBS방송,GBS방송,5,
NNP,DCFever,DCFever,7,
NNP,BBC,BBC,3,
